epochs,eval_step,stopping_step,embedding_size,learning_rate,valid_recall@10,valid_mrr@10,valid_ndcg@10,valid_hit@10,valid_precision@10,seconds
300,5,4,128,0.001,0.2262,0.3972,0.2411,0.7688,0.1637,10.8
300,5,4,64,0.001,0.2179,0.3952,0.2367,0.7625,0.163,10.0
300,5,4,32,0.001,0.2144,0.3752,0.2301,0.7476,0.1613,11.5
300,5,4,32,0.005,0.2102,0.3757,0.2226,0.7476,0.1522,4.8
300,5,4,64,0.005,0.2046,0.3698,0.2186,0.737,0.1519,3.8
300,5,4,128,0.005,0.2022,0.3548,0.2112,0.7306,0.1456,4.9
300,5,4,32,0.01,0.1904,0.3581,0.2038,0.7169,0.1393,3.6
300,5,4,64,0.01,0.1842,0.3435,0.1991,0.6925,0.1407,2.9
300,5,4,128,0.01,0.1871,0.3264,0.1947,0.702,0.1383,3.8
