k,shrink,valid_recall@10,valid_mrr@10,valid_ndcg@10,valid_hit@10,valid_precision@10,seconds
400,10.0,0.2057,0.3817,0.2234,0.7306,0.1511,1.4
200,0.0,0.2073,0.3706,0.223,0.7328,0.155,1.2
400,0.0,0.2045,0.3791,0.223,0.737,0.1513,1.4
200,10.0,0.2064,0.3705,0.2228,0.7359,0.1551,1.3
100,100.0,0.2007,0.3869,0.2216,0.7264,0.1496,1.2
100,10.0,0.2027,0.378,0.2215,0.7296,0.1555,1.1
100,0.0,0.2058,0.3779,0.2213,0.7328,0.1554,1.1
50,10.0,0.2017,0.3743,0.2197,0.7243,0.1549,1.1
50,100.0,0.204,0.3742,0.2194,0.7285,0.1532,1.1
200,100.0,0.1971,0.3779,0.219,0.719,0.1486,1.3
50,0.0,0.1992,0.368,0.2163,0.7296,0.1531,0.9
400,100.0,0.1893,0.3707,0.2124,0.7084,0.1432,1.4
20,100.0,0.1965,0.3501,0.2081,0.7137,0.1474,1.0
20,10.0,0.1925,0.3565,0.2077,0.7179,0.1478,0.9
20,0.0,0.1884,0.3553,0.2063,0.7041,0.1471,0.8
