grouping,group,model,NDCG,Recall,Novelty,ILD,MiscalKL,PopLift,APLT,n_users
activity,Q1 (16-24),BPR,0.2463,0.3715,2.1913,0.7971,0.784,0.3551,0.0383,201
activity,Q1 (16-24),EASE,0.2654,0.3731,2.0127,0.8069,0.7384,0.4957,0.006,201
activity,Q1 (16-24),FISM,0.0995,0.1808,1.3456,0.8285,0.8604,1.2589,0.0,201
activity,Q1 (16-24),Hybrid-Cascade,0.2618,0.3955,2.1892,0.801,0.68,0.3488,0.0244,201
activity,Q1 (16-24),Hybrid-FeatureAugmentation,0.2667,0.3823,1.9903,0.804,0.7781,0.5174,0.005,201
activity,Q1 (16-24),Hybrid-FeatureCombination,0.2084,0.3035,2.1179,0.7505,0.7497,0.4829,0.0786,201
activity,Q1 (16-24),Hybrid-MetaLevel,0.2564,0.3682,2.0249,0.8012,0.785,0.5013,0.0005,201
activity,Q1 (16-24),Hybrid-Mixed,0.2708,0.3881,2.1173,0.7977,0.7196,0.4108,0.0204,201
activity,Q1 (16-24),Hybrid-Switching,0.2487,0.3682,2.2424,0.7898,0.7609,0.3247,0.0537,201
activity,Q1 (16-24),Hybrid-Weighted,0.265,0.3806,2.0672,0.8077,0.7044,0.4553,0.0095,201
activity,Q1 (16-24),ItemKNN,0.2503,0.3408,1.9795,0.8062,0.7676,0.5184,0.0015,201
activity,Q1 (16-24),LightGCN,0.2487,0.3682,2.2424,0.7898,0.7609,0.3247,0.0537,201
activity,Q1 (16-24),NGCF,0.2411,0.3607,2.2629,0.7862,0.7667,0.2966,0.0388,201
activity,Q1 (16-24),NeuMF,0.2153,0.3234,2.2676,0.797,0.7875,0.3242,0.0582,201
activity,Q1 (16-24),Pop,0.0389,0.0804,1.5402,0.8047,0.7501,0.9948,0.0,201
activity,Q1 (16-24),Random,0.0067,0.01,6.2135,0.7985,1.5157,-0.7705,0.8294,201
activity,Q1 (16-24),SLIMElastic,0.2564,0.3773,2.201,0.8078,0.6589,0.3441,0.0249,201
activity,Q1 (16-24),UserKNN,0.2562,0.3698,1.971,0.8108,0.8308,0.5623,0.0015,201
activity,Q2 (25-41),BPR,0.2123,0.2853,2.2016,0.7923,0.7115,0.3998,0.0634,191
activity,Q2 (25-41),EASE,0.255,0.3277,1.977,0.804,0.6928,0.5826,0.0131,191
activity,Q2 (25-41),FISM,0.0961,0.1356,1.374,0.8315,0.7934,1.3056,0.0,191
activity,Q2 (25-41),Hybrid-Cascade,0.2581,0.3325,2.1717,0.7964,0.6682,0.415,0.0377,191
activity,Q2 (25-41),Hybrid-FeatureAugmentation,0.2596,0.3368,1.9547,0.8055,0.7095,0.6021,0.0141,191
activity,Q2 (25-41),Hybrid-FeatureCombination,0.1992,0.2488,2.0181,0.7467,0.6991,0.617,0.0696,191
activity,Q2 (25-41),Hybrid-MetaLevel,0.2271,0.2905,1.937,0.8072,0.7493,0.6334,0.0047,191
activity,Q2 (25-41),Hybrid-Mixed,0.2456,0.3134,2.1131,0.7953,0.6816,0.4668,0.0382,191
activity,Q2 (25-41),Hybrid-Switching,0.2546,0.3272,2.1855,0.7977,0.6585,0.4037,0.0408,191
activity,Q2 (25-41),Hybrid-Weighted,0.2651,0.3426,2.0416,0.8026,0.6869,0.5283,0.023,191
activity,Q2 (25-41),ItemKNN,0.2202,0.277,1.9367,0.8148,0.7279,0.6025,0.0063,191
activity,Q2 (25-41),LightGCN,0.219,0.2834,2.2429,0.7865,0.7087,0.376,0.0733,191
activity,Q2 (25-41),NGCF,0.2309,0.3052,2.2625,0.7826,0.7208,0.3398,0.0613,191
activity,Q2 (25-41),NeuMF,0.1893,0.2422,2.3753,0.7809,0.7446,0.2805,0.1063,191
activity,Q2 (25-41),Pop,0.0577,0.0885,1.5642,0.8017,0.803,1.0431,0.0,191
activity,Q2 (25-41),Random,0.0026,0.0026,6.1531,0.7941,1.4076,-0.7591,0.8272,191
activity,Q2 (25-41),SLIMElastic,0.2546,0.3272,2.1855,0.7977,0.6585,0.4037,0.0408,191
activity,Q2 (25-41),UserKNN,0.2309,0.3051,1.9102,0.8075,0.7792,0.6694,0.0058,191
activity,Q3 (42-75),BPR,0.2462,0.2476,2.2311,0.7865,0.6976,0.3963,0.0566,175
activity,Q3 (42-75),EASE,0.2832,0.2805,1.9687,0.8012,0.6697,0.6034,0.0097,175
activity,Q3 (42-75),FISM,0.1255,0.1252,1.4231,0.8222,0.8087,1.261,0.0,175
activity,Q3 (42-75),Hybrid-Cascade,0.2774,0.2777,2.1157,0.8123,0.6114,0.4731,0.0217,175
activity,Q3 (42-75),Hybrid-FeatureAugmentation,0.2895,0.2875,1.9569,0.7983,0.6623,0.6165,0.0091,175
activity,Q3 (42-75),Hybrid-FeatureCombination,0.2096,0.2033,1.9608,0.7188,0.7268,0.6761,0.0457,175
activity,Q3 (42-75),Hybrid-MetaLevel,0.2497,0.2445,1.9404,0.8058,0.6927,0.6436,0.0051,175
activity,Q3 (42-75),Hybrid-Mixed,0.2867,0.2806,2.1037,0.792,0.659,0.4885,0.0286,175
activity,Q3 (42-75),Hybrid-Switching,0.2745,0.2715,2.1063,0.8098,0.6122,0.4834,0.0211,175
activity,Q3 (42-75),Hybrid-Weighted,0.2894,0.2892,2.0348,0.8032,0.6506,0.55,0.0166,175
activity,Q3 (42-75),ItemKNN,0.2289,0.2396,1.9123,0.8144,0.6973,0.6464,0.004,175
activity,Q3 (42-75),LightGCN,0.259,0.2569,2.2469,0.7785,0.7444,0.3798,0.0617,175
activity,Q3 (42-75),NGCF,0.2594,0.2483,2.2204,0.7932,0.71,0.3898,0.0446,175
activity,Q3 (42-75),NeuMF,0.2313,0.2341,2.4327,0.7791,0.7501,0.2513,0.112,175
activity,Q3 (42-75),Pop,0.0731,0.091,1.5956,0.7975,0.9143,1.029,0.0,175
activity,Q3 (42-75),Random,0.0016,0.0024,6.1816,0.7931,1.4522,-0.7544,0.8263,175
activity,Q3 (42-75),SLIMElastic,0.2745,0.2715,2.1063,0.8098,0.6122,0.4834,0.0211,175
activity,Q3 (42-75),UserKNN,0.2446,0.2433,1.9262,0.8072,0.6981,0.6681,0.0034,175
activity,Q4 (76-137),BPR,0.2944,0.202,2.3841,0.7966,0.7761,0.4295,0.0936,187
activity,Q4 (76-137),EASE,0.3119,0.2133,2.0285,0.8142,0.676,0.7205,0.0112,187
activity,Q4 (76-137),FISM,0.1371,0.104,1.4869,0.8196,0.8335,1.4196,0.0,187
activity,Q4 (76-137),Hybrid-Cascade,0.3137,0.2207,2.1616,0.8174,0.672,0.6029,0.0326,187
activity,Q4 (76-137),Hybrid-FeatureAugmentation,0.3139,0.2169,2.0369,0.8116,0.6909,0.7136,0.0144,187
activity,Q4 (76-137),Hybrid-FeatureCombination,0.2326,0.1601,1.9375,0.7608,0.728,0.8451,0.0283,187
activity,Q4 (76-137),Hybrid-MetaLevel,0.2856,0.1955,2.0197,0.8096,0.7376,0.7372,0.0102,187
activity,Q4 (76-137),Hybrid-Mixed,0.3206,0.224,2.1928,0.8087,0.6922,0.5772,0.0417,187
activity,Q4 (76-137),Hybrid-Switching,0.3119,0.2133,2.0285,0.8142,0.676,0.7205,0.0112,187
activity,Q4 (76-137),Hybrid-Weighted,0.3157,0.2184,2.0913,0.8097,0.6677,0.6639,0.0214,187
activity,Q4 (76-137),ItemKNN,0.2474,0.1699,2.0023,0.8109,0.737,0.7287,0.0075,187
activity,Q4 (76-137),LightGCN,0.2934,0.2046,2.3414,0.7963,0.7402,0.4638,0.0781,187
activity,Q4 (76-137),NGCF,0.2821,0.2018,2.3848,0.8038,0.7211,0.4075,0.0759,187
activity,Q4 (76-137),NeuMF,0.2706,0.1894,2.5938,0.7997,0.7492,0.2789,0.1476,187
activity,Q4 (76-137),Pop,0.1005,0.0778,1.6395,0.7936,1.1035,1.1935,0.0,187
activity,Q4 (76-137),Random,0.0071,0.0055,6.1915,0.7872,1.3825,-0.7404,0.8444,187
activity,Q4 (76-137),SLIMElastic,0.3095,0.2177,2.1425,0.8191,0.6618,0.6192,0.0251,187
activity,Q4 (76-137),UserKNN,0.2638,0.1822,2.0213,0.8085,0.7653,0.7331,0.0102,187
activity,Q5 (138-591),BPR,0.4572,0.1604,2.5739,0.8111,0.7336,0.4887,0.1201,189
activity,Q5 (138-591),EASE,0.5367,0.1845,2.1225,0.8292,0.6716,0.9013,0.0053,189
activity,Q5 (138-591),FISM,0.251,0.0864,1.5901,0.8222,0.812,1.6614,0.0,189
activity,Q5 (138-591),Hybrid-Cascade,0.5194,0.1809,2.214,0.8221,0.6734,0.8047,0.0169,189
activity,Q5 (138-591),Hybrid-FeatureAugmentation,0.5462,0.1891,2.1506,0.824,0.674,0.8736,0.0101,189
activity,Q5 (138-591),Hybrid-FeatureCombination,0.4209,0.1409,2.0475,0.7947,0.7192,1.0071,0.018,189
activity,Q5 (138-591),Hybrid-MetaLevel,0.4798,0.1608,2.1167,0.825,0.7469,0.92,0.009,189
activity,Q5 (138-591),Hybrid-Mixed,0.5405,0.1875,2.3061,0.8135,0.7184,0.7246,0.0429,189
activity,Q5 (138-591),Hybrid-Switching,0.5367,0.1845,2.1225,0.8292,0.6716,0.9013,0.0053,189
activity,Q5 (138-591),Hybrid-Weighted,0.5411,0.1861,2.173,0.8227,0.6985,0.8502,0.0127,189
activity,Q5 (138-591),ItemKNN,0.4434,0.1502,2.0995,0.8213,0.7876,0.9001,0.0032,189
activity,Q5 (138-591),LightGCN,0.495,0.1709,2.5463,0.7911,0.8397,0.5192,0.1106,189
activity,Q5 (138-591),NGCF,0.4548,0.1566,2.6381,0.8018,0.7804,0.4232,0.1317,189
activity,Q5 (138-591),NeuMF,0.4371,0.1537,2.8248,0.798,0.8081,0.315,0.2196,189
activity,Q5 (138-591),Pop,0.2249,0.0775,1.6986,0.8073,1.0175,1.486,0.0,189
activity,Q5 (138-591),Random,0.0195,0.0064,6.3219,0.8074,1.1961,-0.7069,0.854,189
activity,Q5 (138-591),SLIMElastic,0.5119,0.177,2.1615,0.8261,0.6907,0.8657,0.0106,189
activity,Q5 (138-591),UserKNN,0.4422,0.1519,2.1068,0.8217,0.8016,0.9261,0.0048,189
active,Active,BPR,0.4572,0.1604,2.5739,0.8111,0.7336,0.4887,0.1201,189
active,Active,EASE,0.5367,0.1845,2.1225,0.8292,0.6716,0.9013,0.0053,189
active,Active,FISM,0.251,0.0864,1.5901,0.8222,0.812,1.6614,0.0,189
active,Active,Hybrid-Cascade,0.5194,0.1809,2.214,0.8221,0.6734,0.8047,0.0169,189
active,Active,Hybrid-FeatureAugmentation,0.5462,0.1891,2.1506,0.824,0.674,0.8736,0.0101,189
active,Active,Hybrid-FeatureCombination,0.4209,0.1409,2.0475,0.7947,0.7192,1.0071,0.018,189
active,Active,Hybrid-MetaLevel,0.4798,0.1608,2.1167,0.825,0.7469,0.92,0.009,189
active,Active,Hybrid-Mixed,0.5405,0.1875,2.3061,0.8135,0.7184,0.7246,0.0429,189
active,Active,Hybrid-Switching,0.5367,0.1845,2.1225,0.8292,0.6716,0.9013,0.0053,189
active,Active,Hybrid-Weighted,0.5411,0.1861,2.173,0.8227,0.6985,0.8502,0.0127,189
active,Active,ItemKNN,0.4434,0.1502,2.0995,0.8213,0.7876,0.9001,0.0032,189
active,Active,LightGCN,0.495,0.1709,2.5463,0.7911,0.8397,0.5192,0.1106,189
active,Active,NGCF,0.4548,0.1566,2.6381,0.8018,0.7804,0.4232,0.1317,189
active,Active,NeuMF,0.4371,0.1537,2.8248,0.798,0.8081,0.315,0.2196,189
active,Active,Pop,0.2249,0.0775,1.6986,0.8073,1.0175,1.486,0.0,189
active,Active,Random,0.0195,0.0064,6.3219,0.8074,1.1961,-0.7069,0.854,189
active,Active,SLIMElastic,0.5119,0.177,2.1615,0.8261,0.6907,0.8657,0.0106,189
active,Active,UserKNN,0.4422,0.1519,2.1068,0.8217,0.8016,0.9261,0.0048,189
active,Inactive,BPR,0.2496,0.2789,2.251,0.7933,0.7436,0.3944,0.0626,754
active,Inactive,EASE,0.2784,0.3005,1.9974,0.8066,0.6955,0.5985,0.0099,754
active,Inactive,FISM,0.114,0.1374,1.4058,0.8256,0.8247,1.3111,0.0,754
active,Inactive,Hybrid-Cascade,0.2773,0.3088,2.1608,0.8065,0.6591,0.4574,0.0292,754
active,Inactive,Hybrid-FeatureAugmentation,0.2819,0.3077,1.9851,0.805,0.7122,0.6105,0.0106,754
active,Inactive,Hybrid-FeatureCombination,0.2124,0.2308,2.0114,0.7447,0.7262,0.6515,0.0562,754
active,Inactive,Hybrid-MetaLevel,0.2546,0.277,1.9817,0.8059,0.7428,0.6263,0.005,754
active,Inactive,Hybrid-Mixed,0.2805,0.3035,2.1318,0.7985,0.6891,0.4843,0.0321,754
active,Inactive,Hybrid-Switching,0.2719,0.2969,2.1433,0.8025,0.6794,0.4797,0.0324,754
active,Inactive,Hybrid-Weighted,0.2833,0.3095,2.0592,0.8059,0.6784,0.5475,0.0175,754
active,Inactive,ItemKNN,0.237,0.2588,1.9587,0.8114,0.7336,0.6216,0.0048,754
active,Inactive,LightGCN,0.2547,0.2803,2.2681,0.7879,0.7387,0.385,0.0666,754
active,Inactive,NGCF,0.253,0.2811,2.2831,0.7913,0.7306,0.3567,0.055,754
active,Inactive,NeuMF,0.2261,0.2489,2.4141,0.7895,0.7584,0.285,0.105,754
active,Inactive,Pop,0.0669,0.0843,1.5838,0.7995,0.8892,1.0642,0.0,754
active,Inactive,Random,0.0046,0.0052,6.1853,0.7933,1.4406,-0.7564,0.8318,754
active,Inactive,SLIMElastic,0.2733,0.3005,2.1606,0.8085,0.6487,0.4598,0.0281,754
active,Inactive,UserKNN,0.249,0.2775,1.9577,0.8086,0.7707,0.6564,0.0052,754
mainstream,Blockbuster,BPR,0.257,0.3382,1.8919,0.8173,0.7061,0.3824,0.0005,189
mainstream,Blockbuster,EASE,0.2725,0.3399,1.8777,0.811,0.6851,0.383,0.0,189
mainstream,Blockbuster,FISM,0.128,0.1767,1.4117,0.8246,0.769,0.8353,0.0,189
mainstream,Blockbuster,Hybrid-Cascade,0.2573,0.3321,2.0016,0.8125,0.6436,0.2849,0.0032,189
mainstream,Blockbuster,Hybrid-FeatureAugmentation,0.2792,0.3566,1.8566,0.8132,0.6922,0.4018,0.0,189
mainstream,Blockbuster,Hybrid-FeatureCombination,0.1883,0.2346,1.8031,0.7576,0.7121,0.4825,0.0132,189
mainstream,Blockbuster,Hybrid-MetaLevel,0.2504,0.3048,1.8986,0.8111,0.7282,0.3677,0.0,189
mainstream,Blockbuster,Hybrid-Mixed,0.2821,0.3535,1.8955,0.8134,0.6666,0.3731,0.0,189
mainstream,Blockbuster,Hybrid-Switching,0.2581,0.3233,1.9721,0.8135,0.6545,0.3146,0.0063,189
mainstream,Blockbuster,Hybrid-Weighted,0.2742,0.3493,1.9189,0.8134,0.6697,0.3499,0.0011,189
mainstream,Blockbuster,ItemKNN,0.2262,0.2808,1.8368,0.8202,0.6922,0.4081,0.0,189
mainstream,Blockbuster,LightGCN,0.2586,0.3269,1.911,0.8125,0.7174,0.3698,0.0016,189
mainstream,Blockbuster,NGCF,0.2571,0.3184,2.0064,0.8066,0.702,0.2901,0.0026,189
mainstream,Blockbuster,NeuMF,0.239,0.2931,2.0696,0.8055,0.7669,0.2389,0.0063,189
mainstream,Blockbuster,Pop,0.0805,0.1165,1.5909,0.8033,0.7762,0.6396,0.0,189
mainstream,Blockbuster,Random,0.0038,0.0083,6.1654,0.7968,1.4583,-0.8005,0.8259,189
mainstream,Blockbuster,SLIMElastic,0.2541,0.3207,2.0173,0.8134,0.6248,0.2751,0.0058,189
mainstream,Blockbuster,UserKNN,0.2552,0.3261,1.9051,0.8111,0.7455,0.3664,0.0011,189
mainstream,Diverse,BPR,0.2817,0.2434,2.2621,0.8003,0.7435,0.4306,0.0421,565
mainstream,Diverse,EASE,0.3179,0.2693,2.0023,0.8136,0.6956,0.6431,0.0025,565
mainstream,Diverse,FISM,0.1396,0.1275,1.446,0.8248,0.8202,1.3051,0.0,565
mainstream,Diverse,Hybrid-Cascade,0.3162,0.2787,2.1441,0.8135,0.6627,0.5197,0.0159,565
mainstream,Diverse,Hybrid-FeatureAugmentation,0.3225,0.275,1.995,0.8113,0.7101,0.6512,0.0025,565
mainstream,Diverse,Hybrid-FeatureCombination,0.2533,0.2148,1.9808,0.7643,0.7189,0.7217,0.0384,565
mainstream,Diverse,Hybrid-MetaLevel,0.2969,0.2553,2.0112,0.811,0.7364,0.6406,0.0023,565
mainstream,Diverse,Hybrid-Mixed,0.3194,0.2712,2.1387,0.8056,0.6975,0.5265,0.0173,565
mainstream,Diverse,Hybrid-Switching,0.3169,0.2707,2.1199,0.8093,0.6839,0.5474,0.0182,565
mainstream,Diverse,Hybrid-Weighted,0.3227,0.2776,2.0582,0.8116,0.6862,0.5942,0.0058,565
mainstream,Diverse,ItemKNN,0.2722,0.2333,1.9737,0.8153,0.7525,0.6573,0.0005,565
mainstream,Diverse,LightGCN,0.2928,0.2527,2.276,0.7943,0.7449,0.421,0.0474,565
mainstream,Diverse,NGCF,0.2826,0.2517,2.3271,0.7957,0.7495,0.3671,0.051,565
mainstream,Diverse,NeuMF,0.2619,0.2261,2.4518,0.7944,0.7591,0.2946,0.1027,565
mainstream,Diverse,Pop,0.0949,0.0842,1.6086,0.7997,0.9421,1.0812,0.0,565
mainstream,Diverse,Random,0.0079,0.0053,6.2165,0.7939,1.4145,-0.7549,0.8365,565
mainstream,Diverse,SLIMElastic,0.3113,0.2728,2.1412,0.8146,0.6606,0.5242,0.0163,565
mainstream,Diverse,UserKNN,0.2794,0.2451,1.9851,0.8128,0.7747,0.6659,0.0018,565
mainstream,Niche,BPR,0.3539,0.207,2.8999,0.7661,0.7715,0.3927,0.2434,189
mainstream,Niche,EASE,0.4247,0.2384,2.2274,0.804,0.6814,0.9833,0.0376,189
mainstream,Niche,FISM,0.1604,0.0768,1.4642,0.8254,0.8813,2.1549,0.0,189
mainstream,Niche,Hybrid-Cascade,0.4233,0.2477,2.4233,0.7954,0.6781,0.791,0.0825,189
mainstream,Niche,Hybrid-FeatureAugmentation,0.4275,0.2382,2.2495,0.7968,0.7004,0.9607,0.045,189
mainstream,Niche,Hybrid-FeatureCombination,0.3226,0.1849,2.3474,0.7235,0.7551,0.9663,0.1143,189
mainstream,Niche,Hybrid-MetaLevel,0.3578,0.1978,2.1116,0.8044,0.7803,1.1359,0.0222,189
mainstream,Niche,Hybrid-Mixed,0.4226,0.2341,2.5218,0.7774,0.7159,0.7095,0.119,189
mainstream,Niche,Hybrid-Switching,0.4159,0.2364,2.3637,0.7978,0.6832,0.8639,0.0735,189
mainstream,Niche,Hybrid-Weighted,0.4323,0.2418,2.3162,0.7979,0.684,0.9082,0.064,189
mainstream,Niche,ItemKNN,0.3489,0.2042,2.1766,0.801,0.7726,1.0069,0.0206,189
mainstream,Niche,LightGCN,0.3772,0.2069,2.8799,0.7476,0.8426,0.4269,0.2328,189
mainstream,Niche,NGCF,0.3621,0.2074,2.7835,0.7734,0.7526,0.4585,0.1963,189
mainstream,Niche,NeuMF,0.3174,0.1774,3.0566,0.7671,0.7978,0.3322,0.3254,189
mainstream,Niche,Pop,0.1274,0.0456,1.6173,0.803,0.9725,1.86,0.0,189
mainstream,Niche,Random,0.0107,0.0033,6.2487,0.8021,1.2563,-0.6672,0.846,189
mainstream,Niche,SLIMElastic,0.4176,0.2396,2.3628,0.803,0.6792,0.8577,0.0683,189
mainstream,Niche,UserKNN,0.3452,0.2003,2.0775,0.8066,0.8148,1.1876,0.019,189
gender,F,BPR,0.2601,0.2445,2.3534,0.7881,0.7569,0.4022,0.0835,273
gender,F,EASE,0.2992,0.2725,2.0193,0.8117,0.7125,0.6881,0.0077,273
gender,F,FISM,0.1111,0.1095,1.4202,0.8216,0.8652,1.4574,0.0,273
gender,F,Hybrid-Cascade,0.3015,0.2861,2.1926,0.8081,0.6582,0.5275,0.0308,273
gender,F,Hybrid-FeatureAugmentation,0.2976,0.274,2.0153,0.8099,0.7284,0.6934,0.0095,273
gender,F,Hybrid-FeatureCombination,0.2307,0.2092,2.0835,0.7572,0.7113,0.7143,0.0637,273
gender,F,Hybrid-MetaLevel,0.2673,0.2456,1.989,0.8131,0.7676,0.7398,0.0037,273
gender,F,Hybrid-Mixed,0.3018,0.2736,2.1769,0.797,0.718,0.5461,0.0355,273
gender,F,Hybrid-Switching,0.2908,0.2654,2.1587,0.8061,0.6936,0.5725,0.0311,273
gender,F,Hybrid-Weighted,0.3061,0.2769,2.0773,0.8108,0.6993,0.637,0.0158,273
gender,F,ItemKNN,0.2434,0.2275,1.9739,0.8139,0.7866,0.72,0.0029,273
gender,F,LightGCN,0.2741,0.2465,2.3403,0.7814,0.7634,0.4213,0.0832,273
gender,F,NGCF,0.2681,0.2579,2.3689,0.7868,0.7314,0.3797,0.0777,273
gender,F,NeuMF,0.2407,0.2109,2.5135,0.7791,0.7733,0.3031,0.1432,273
gender,F,Pop,0.0794,0.0724,1.5922,0.8035,0.9326,1.2052,0.0,273
gender,F,Random,0.0046,0.003,6.1739,0.7991,1.342,-0.7372,0.8333,273
gender,F,SLIMElastic,0.2962,0.2721,2.1726,0.814,0.6694,0.5496,0.0231,273
gender,F,UserKNN,0.2544,0.2351,1.9617,0.8127,0.834,0.7687,0.0037,273
gender,M,BPR,0.3039,0.2595,2.3004,0.8004,0.7354,0.4179,0.0703,670
gender,M,EASE,0.3428,0.2792,2.0237,0.8109,0.6818,0.6474,0.0096,670
gender,M,FISM,0.1538,0.1344,1.4519,0.8262,0.8047,1.3502,0.0,670
gender,M,Hybrid-Cascade,0.3358,0.282,2.1629,0.8103,0.6635,0.5268,0.0251,670
gender,M,Hybrid-FeatureAugmentation,0.3501,0.288,2.0195,0.8083,0.6949,0.651,0.0109,670
gender,M,Hybrid-FeatureCombination,0.2637,0.2143,1.9922,0.7538,0.7303,0.7263,0.0424,670
gender,M,Hybrid-MetaLevel,0.313,0.257,2.0168,0.8084,0.7338,0.6629,0.0067,670
gender,M,Hybrid-Mixed,0.3451,0.283,2.1626,0.8033,0.6856,0.5269,0.0337,670
gender,M,Hybrid-Switching,0.3389,0.2781,2.1312,0.8086,0.6714,0.5608,0.0252,670
gender,M,Hybrid-Weighted,0.3467,0.288,2.0839,0.8086,0.6756,0.5964,0.0169,670
gender,M,ItemKNN,0.2926,0.2409,1.9922,0.8132,0.7273,0.66,0.0051,670
gender,M,LightGCN,0.3145,0.2632,2.3172,0.7915,0.7572,0.4081,0.0722,670
gender,M,NGCF,0.3037,0.2555,2.3483,0.7961,0.7443,0.3661,0.0675,670
gender,M,NeuMF,0.2797,0.2375,2.4894,0.7961,0.7664,0.2861,0.1218,670
gender,M,Pop,0.1063,0.0872,1.6128,0.8001,0.9078,1.1258,0.0,670
gender,M,Random,0.0088,0.0065,6.2285,0.7949,1.4117,-0.7502,0.8375,670
gender,M,SLIMElastic,0.3313,0.2772,2.1559,0.8112,0.6521,0.5376,0.0252,670
gender,M,UserKNN,0.3013,0.2594,1.9981,0.8106,0.7536,0.6867,0.0057,670
age_group,25-34,BPR,0.2951,0.2479,2.2476,0.7973,0.7394,0.4354,0.0558,310
age_group,25-34,EASE,0.3375,0.263,1.9853,0.8133,0.6931,0.6604,0.0074,310
age_group,25-34,FISM,0.1637,0.1377,1.4627,0.8215,0.8326,1.2959,0.0,310
age_group,25-34,Hybrid-Cascade,0.3291,0.2728,2.1215,0.8162,0.6645,0.5403,0.019,310
age_group,25-34,Hybrid-FeatureAugmentation,0.3395,0.268,1.9816,0.8108,0.7001,0.6638,0.0074,310
age_group,25-34,Hybrid-FeatureCombination,0.2638,0.2063,1.9437,0.7636,0.7313,0.7373,0.03,310
age_group,25-34,Hybrid-MetaLevel,0.3007,0.2459,1.9799,0.8096,0.7491,0.6757,0.0052,310
age_group,25-34,Hybrid-Mixed,0.3348,0.2652,2.1087,0.8059,0.693,0.5504,0.0242,310
age_group,25-34,Hybrid-Switching,0.3296,0.2603,2.0806,0.8127,0.6734,0.5827,0.0184,310
age_group,25-34,Hybrid-Weighted,0.3339,0.2695,2.0364,0.8098,0.688,0.6181,0.0126,310
age_group,25-34,ItemKNN,0.2755,0.2262,1.9622,0.8169,0.7363,0.665,0.0029,310
age_group,25-34,LightGCN,0.3139,0.2531,2.2488,0.7906,0.7813,0.4401,0.0548,310
age_group,25-34,NGCF,0.2881,0.2359,2.2958,0.7991,0.7414,0.3843,0.0497,310
age_group,25-34,NeuMF,0.2758,0.2328,2.4346,0.7902,0.7957,0.3022,0.1023,310
age_group,25-34,Pop,0.1104,0.0852,1.6176,0.8017,0.9335,1.0846,0.0,310
age_group,25-34,Random,0.0072,0.0057,6.2463,0.7958,1.39,-0.7548,0.841,310
age_group,25-34,SLIMElastic,0.3229,0.2633,2.1195,0.8168,0.6541,0.5472,0.0203,310
age_group,25-34,UserKNN,0.2917,0.2377,1.9712,0.8094,0.79,0.685,0.0032,310
age_group,35-49,BPR,0.2889,0.2611,2.3048,0.8012,0.74,0.3979,0.0719,274
age_group,35-49,EASE,0.3224,0.2781,2.0288,0.8099,0.6896,0.626,0.0058,274
age_group,35-49,FISM,0.1183,0.1185,1.4278,0.83,0.8088,1.3672,0.0,274
age_group,35-49,Hybrid-Cascade,0.3054,0.2756,2.1706,0.8093,0.6572,0.4989,0.0215,274
age_group,35-49,Hybrid-FeatureAugmentation,0.3291,0.2901,2.0198,0.8093,0.7025,0.6363,0.0088,274
age_group,35-49,Hybrid-FeatureCombination,0.2242,0.2005,2.0157,0.7444,0.7336,0.7038,0.0529,274
age_group,35-49,Hybrid-MetaLevel,0.2924,0.2479,2.0286,0.8149,0.721,0.635,0.0036,274
age_group,35-49,Hybrid-Mixed,0.3288,0.2818,2.16,0.8021,0.6921,0.5126,0.0303,274
age_group,35-49,Hybrid-Switching,0.3133,0.2828,2.1362,0.8074,0.6626,0.5399,0.0252,274
age_group,35-49,Hybrid-Weighted,0.3246,0.2796,2.0861,0.8102,0.6732,0.5742,0.0135,274
age_group,35-49,ItemKNN,0.2756,0.2376,1.9817,0.8149,0.75,0.6565,0.0018,274
age_group,35-49,LightGCN,0.3045,0.2717,2.2933,0.7922,0.7315,0.4147,0.0734,274
age_group,35-49,NGCF,0.2904,0.2627,2.3539,0.7937,0.7381,0.3506,0.0726,274
age_group,35-49,NeuMF,0.2658,0.2313,2.4885,0.7948,0.7717,0.2726,0.1307,274
age_group,35-49,Pop,0.0893,0.085,1.5993,0.8029,0.9036,1.1263,0.0,274
age_group,35-49,Random,0.0112,0.0082,6.2457,0.8001,1.4096,-0.751,0.8328,274
age_group,35-49,SLIMElastic,0.3046,0.2741,2.1598,0.8125,0.6514,0.5106,0.0193,274
age_group,35-49,UserKNN,0.2845,0.2645,1.9932,0.8154,0.7563,0.6762,0.004,274
age_group,50+,BPR,0.2442,0.2403,2.3883,0.7929,0.7586,0.384,0.0872,125
age_group,50+,EASE,0.2864,0.2839,2.0896,0.8185,0.6849,0.6308,0.0168,125
age_group,50+,FISM,0.1069,0.0963,1.4045,0.8346,0.8116,1.5016,0.0,125
age_group,50+,Hybrid-Cascade,0.2944,0.2928,2.2559,0.8031,0.6685,0.4784,0.0384,125
age_group,50+,Hybrid-FeatureAugmentation,0.2911,0.2874,2.0809,0.8146,0.7131,0.6369,0.0152,125
age_group,50+,Hybrid-FeatureCombination,0.2284,0.2048,2.1491,0.7453,0.709,0.6559,0.0808,125
age_group,50+,Hybrid-MetaLevel,0.2768,0.2638,2.0615,0.8141,0.72,0.6785,0.0088,125
age_group,50+,Hybrid-Mixed,0.2868,0.2772,2.2446,0.8005,0.7039,0.4904,0.0424,125
age_group,50+,Hybrid-Switching,0.2726,0.2565,2.256,0.8013,0.7174,0.4979,0.0472,125
age_group,50+,Hybrid-Weighted,0.3014,0.2961,2.1491,0.8167,0.6652,0.5759,0.0224,125
age_group,50+,ItemKNN,0.2475,0.2208,2.0193,0.8206,0.6993,0.6872,0.0112,125
age_group,50+,LightGCN,0.2543,0.2381,2.4269,0.7849,0.7975,0.3597,0.1016,125
age_group,50+,NGCF,0.2666,0.2689,2.4199,0.7889,0.7407,0.3509,0.0888,125
age_group,50+,NeuMF,0.2297,0.2118,2.5384,0.7896,0.745,0.297,0.1416,125
age_group,50+,Pop,0.0883,0.0814,1.58,0.8054,0.815,1.2412,0.0,125
age_group,50+,Random,0.0048,0.0025,6.0954,0.7915,1.2595,-0.7291,0.8312,125
age_group,50+,SLIMElastic,0.2835,0.2739,2.2362,0.8056,0.6871,0.5032,0.0312,125
age_group,50+,UserKNN,0.2641,0.2694,2.0173,0.8198,0.7591,0.7368,0.008,125
age_group,<25,BPR,0.3138,0.2657,2.3799,0.7934,0.7374,0.4179,0.094,234
age_group,<25,EASE,0.353,0.2915,2.0283,0.8058,0.6917,0.7115,0.0107,234
age_group,<25,FISM,0.1576,0.1398,1.4542,0.8184,0.8297,1.4465,0.0,234
age_group,<25,Hybrid-Cascade,0.3623,0.3008,2.1937,0.8049,0.6607,0.5685,0.0368,234
age_group,<25,Hybrid-FeatureAugmentation,0.3589,0.296,2.0316,0.8023,0.7084,0.708,0.0141,234
age_group,<25,Hybrid-FeatureCombination,0.2902,0.2401,2.0515,0.7603,0.7142,0.7615,0.0509,234
age_group,<25,Hybrid-MetaLevel,0.3194,0.2654,1.9957,0.8014,0.7753,0.76,0.0077,234
age_group,<25,Hybrid-Mixed,0.3586,0.3,2.21,0.7956,0.6962,0.5544,0.0479,234
age_group,<25,Hybrid-Switching,0.3604,0.2927,2.1577,0.8055,0.6804,0.6035,0.0295,234
age_group,<25,Hybrid-Weighted,0.3663,0.305,2.1017,0.8033,0.6951,0.652,0.0222,234
age_group,<25,ItemKNN,0.3018,0.2593,2.0085,0.8032,0.7728,0.7131,0.006,234
age_group,<25,LightGCN,0.3122,0.2605,2.4041,0.7836,0.7409,0.3992,0.091,234
age_group,<25,NGCF,0.3184,0.2686,2.3971,0.788,0.7424,0.384,0.0855,234
age_group,<25,NeuMF,0.2824,0.2336,2.565,0.7891,0.7409,0.2945,0.1517,234
age_group,<25,Pop,0.0991,0.0782,1.6157,0.7958,0.957,1.2107,0.0,234
age_group,<25,Random,0.0054,0.0035,6.1922,0.7944,1.443,-0.7395,0.8368,234
age_group,<25,SLIMElastic,0.3582,0.2951,2.1762,0.8086,0.6517,0.589,0.0329,234
age_group,<25,UserKNN,0.2988,0.2484,1.9866,0.8041,0.7932,0.7701,0.0073,234
