model,activity,Niche,Diverse,Blockbuster
EASE,Q1 (16-24),0.2688,0.2559,0.2786
EASE,Q2 (25-41),0.2362,0.2576,0.2581
EASE,Q3 (42-75),0.37,0.2735,0.2685
EASE,Q4 (76-137),0.3252,0.308,0.321
EASE,Q5 (138-591),0.5686,0.5088,
Hybrid-Weighted,Q1 (16-24),0.2616,0.2568,0.2785
Hybrid-Weighted,Q2 (25-41),0.2619,0.2713,0.255
Hybrid-Weighted,Q3 (42-75),0.3741,0.2811,0.2727
Hybrid-Weighted,Q4 (76-137),0.3307,0.3095,0.3482
Hybrid-Weighted,Q5 (138-591),0.5766,0.5102,
NeuMF,Q1 (16-24),0.2211,0.1958,0.2427
NeuMF,Q2 (25-41),0.119,0.1906,0.2171
NeuMF,Q3 (42-75),0.2578,0.2241,0.2362
NeuMF,Q4 (76-137),0.2482,0.2705,0.3337
NeuMF,Q5 (138-591),0.4384,0.436,
Pop,Q1 (16-24),0.0102,0.0387,0.0483
Pop,Q2 (25-41),0.02,0.0475,0.0929
Pop,Q3 (42-75),0.0046,0.075,0.0975
Pop,Q4 (76-137),0.0456,0.1096,0.1435
Pop,Q5 (138-591),0.2471,0.2057,
