,coefficient,share_of_hybrid_hits_also_in_member_top10,hits_only_this_member_had,list_overlap_with_hybrid@10,mean_corr_with_other_members,replica_coefficient,score_share_all_recs,score_share_hits
SLIMElastic,0.7708,0.8402,15,0.7762,0.7056,0.5114,0.1709,0.1831
UserKNN,0.5521,0.7392,7,0.7017,0.7372,0.3261,0.1208,0.1215
EASE,0.4716,0.8896,5,0.8397,0.7091,0.3797,0.1394,0.1438
NeuMF,0.364,0.6071,1,0.5239,0.7223,0.3016,0.1493,0.1409
NGCF,0.2768,0.6664,1,0.5857,0.7504,0.272,0.1014,0.098
LightGCN,0.2385,0.7058,0,0.6148,0.7503,0.3,0.1152,0.1134
ItemKNN,0.206,0.688,1,0.639,0.7987,0.2069,0.0798,0.0792
BPR,0.2003,0.6837,0,0.607,0.7574,0.2344,0.09,0.0866
Pop,-0.0938,0.257,0,0.2187,0.6292,-0.0869,-0.0239,-0.0237
FISM,-0.1042,0.343,0,0.2922,0.641,0.0328,0.0094,0.0098
