model,type,Precision,Recall,NDCG,MRR,HR,MAP,ARP,APLT,Novelty,ILD,MiscalKL,PopLift,Coverage,Gini,Exposure_Head,Exposure_Mid,Exposure_Tail,UserGap_NDCG,Recall_Head,Recall_Mid,Recall_Tail
Random,baseline,0.0065,0.011,0.0095,0.0233,0.1103,0.0028,39.2732,0.8343,5.9569,0.802,0.8492,-0.7344,0.1257,0.9149,0.1691,0.2944,0.5365,0.0145,0.0114,0.0158,0.0131
Pop,baseline,0.0748,0.1663,0.1201,0.1964,0.6734,0.0432,293.7856,0.0,1.7218,0.8161,0.6212,0.9916,0.0604,0.9782,1.0,0.0,0.0,0.1035,0.2337,0.0,0.0
ItemKNN,individual,0.1379,0.3491,0.2963,0.4715,0.8759,0.1597,227.1858,0.0106,2.1519,0.8183,0.4668,0.5143,0.2151,0.9209,0.9894,0.0105,0.0001,0.0847,0.4253,0.0118,0.0
UserKNN,individual,0.1441,0.3648,0.3064,0.4842,0.8918,0.1639,225.6182,0.0157,2.1815,0.8183,0.4674,0.5201,0.2435,0.9112,0.9843,0.0154,0.0003,0.0817,0.4422,0.0173,0.0
BPR,individual,0.1526,0.3753,0.313,0.4892,0.8918,0.1654,195.0034,0.1099,2.4974,0.8043,0.4306,0.2707,0.484,0.8496,0.8901,0.1029,0.007,0.0949,0.4323,0.092,0.0214
FISM,individual,0.0819,0.1821,0.1507,0.271,0.684,0.0647,310.2149,0.0,1.6317,0.8104,0.5961,1.1017,0.0616,0.9774,1.0,0.0,0.0,0.0917,0.2559,0.0,0.0
SLIMElastic,individual,0.1645,0.4039,0.3419,0.5185,0.9056,0.1904,206.8018,0.0524,2.3486,0.8171,0.3747,0.3801,0.3517,0.8796,0.9476,0.0515,0.0008,0.112,0.4922,0.0468,0.0036
EASE,individual,0.163,0.3982,0.3457,0.5383,0.9067,0.194,220.7795,0.0194,2.2199,0.8164,0.4034,0.4712,0.287,0.902,0.9806,0.019,0.0003,0.1157,0.497,0.0269,0.0012
LightGCN,individual,0.1558,0.3781,0.3219,0.5104,0.9067,0.1733,193.8407,0.113,2.5137,0.7984,0.4471,0.2669,0.4767,0.8516,0.887,0.1034,0.0096,0.1142,0.4422,0.0935,0.0178
NGCF,individual,0.1516,0.3722,0.3145,0.4931,0.8982,0.168,189.7025,0.1106,2.5258,0.802,0.4265,0.2414,0.4701,0.8454,0.8894,0.1065,0.0041,0.0946,0.4328,0.0854,0.0166
NeuMF,individual,0.1455,0.357,0.2939,0.4669,0.8791,0.1506,180.8863,0.1616,2.6463,0.7992,0.4467,0.1844,0.5281,0.8265,0.8384,0.1495,0.0121,0.0991,0.4028,0.1075,0.0238
Hybrid-Weighted,hybrid,0.1697,0.416,0.3546,0.5333,0.9152,0.2007,214.0716,0.0383,2.2858,0.8142,0.4039,0.4248,0.3245,0.8903,0.9617,0.0373,0.001,0.119,0.5078,0.0482,0.0048
Hybrid-Switching,hybrid,0.1623,0.3924,0.3397,0.5322,0.9067,0.1886,209.6569,0.0495,2.3266,0.814,0.4,0.399,0.3486,0.885,0.9505,0.0479,0.0016,0.1232,0.4916,0.0335,0.0024
Hybrid-Mixed,hybrid,0.1685,0.4095,0.3519,0.5372,0.913,0.1982,208.0422,0.0616,2.3526,0.8077,0.4041,0.3731,0.3813,0.8781,0.9384,0.0593,0.0023,0.1216,0.4965,0.0641,0.0071
Hybrid-Cascade,hybrid,0.1671,0.4112,0.3463,0.5195,0.9141,0.193,203.2574,0.0615,2.3817,0.8131,0.3824,0.3463,0.3668,0.8724,0.9385,0.0604,0.0011,0.1135,0.4932,0.0622,0.0048
Hybrid-FeatureCombination,hybrid,0.1305,0.3194,0.2718,0.452,0.8515,0.1405,229.7273,0.0741,2.2238,0.7643,0.4551,0.5257,0.3202,0.9185,0.926,0.071,0.0031,0.0991,0.3958,0.0243,0.0071
Hybrid-FeatureAugmentation,hybrid,0.1653,0.4026,0.3487,0.5428,0.912,0.1958,221.7568,0.0209,2.2158,0.8144,0.4131,0.4751,0.2906,0.9037,0.9791,0.0205,0.0004,0.1199,0.5023,0.0306,0.0012
Hybrid-MetaLevel,hybrid,0.1501,0.3706,0.3178,0.5088,0.894,0.1728,223.15,0.0222,2.2045,0.8165,0.4551,0.4993,0.2544,0.9058,0.9778,0.0218,0.0003,0.1056,0.4601,0.0188,0.0012
