model,reference,mean_diff,wins,losses,p,p_holm,significant
Hybrid-Weighted,EASE,0.00477,356,303,0.0283,0.16983,False
Hybrid-FeatureAugmentation,EASE,0.0047,315,286,0.06061,0.24243,False
Hybrid-Mixed,EASE,0.00241,370,326,0.12777,0.38331,False
Hybrid-Cascade,EASE,-0.00432,364,381,0.30318,0.60637,False
Hybrid-Switching,EASE,-0.00524,192,205,0.42224,0.60637,False
SLIMElastic,EASE,-0.00903,354,391,0.04047,0.20233,False
LightGCN,EASE,-0.02735,325,443,0.0,0.0,True
Hybrid-MetaLevel,EASE,-0.0304,271,468,0.0,0.0,True
NGCF,EASE,-0.03676,314,473,0.0,0.0,True
BPR,EASE,-0.03898,287,481,0.0,0.0,True
UserKNN,EASE,-0.04245,232,518,0.0,0.0,True
ItemKNN,EASE,-0.05183,254,496,0.0,0.0,True
NeuMF,EASE,-0.06175,251,514,0.0,0.0,True
Hybrid-FeatureCombination,EASE,-0.07602,208,567,0.0,0.0,True
FISM,EASE,-0.18871,97,693,0.0,0.0,True
Pop,EASE,-0.23164,65,723,0.0,0.0,True
Random,EASE,-0.32257,9,775,0.0,0.0,True
Hybrid-Weighted,Pop,0.23641,725,65,0.0,0.0,True
Hybrid-FeatureAugmentation,Pop,0.23634,735,61,0.0,0.0,True
Hybrid-Mixed,Pop,0.23405,728,66,0.0,0.0,True
EASE,Pop,0.23164,723,65,0.0,0.0,True
Hybrid-Cascade,Pop,0.22732,714,69,0.0,0.0,True
Hybrid-Switching,Pop,0.2264,709,70,0.0,0.0,True
SLIMElastic,Pop,0.2226,700,72,0.0,0.0,True
LightGCN,Pop,0.20428,693,87,0.0,0.0,True
Hybrid-MetaLevel,Pop,0.20123,684,78,0.0,0.0,True
NGCF,Pop,0.19488,673,109,0.0,0.0,True
BPR,Pop,0.19265,674,100,0.0,0.0,True
UserKNN,Pop,0.18918,670,98,0.0,0.0,True
ItemKNN,Pop,0.17981,629,119,0.0,0.0,True
NeuMF,Pop,0.16988,635,117,0.0,0.0,True
Hybrid-FeatureCombination,Pop,0.15562,611,120,0.0,0.0,True
FISM,Pop,0.04293,385,185,0.0,0.0,True
Random,Pop,-0.09094,26,435,0.0,0.0,True
