user_id,n_train,activity,active,head_share,mainstream,gender,age_group
1,218,Q5 (138-591),Active,0.6100917431192661,Diverse,M,<25
2,50,Q3 (42-75),Inactive,0.68,Diverse,F,50+
3,44,Q3 (42-75),Inactive,0.6136363636363636,Diverse,M,<25
4,20,Q1 (16-24),Inactive,0.7,Diverse,M,<25
5,141,Q5 (138-591),Active,0.524822695035461,Niche,F,25-34
6,169,Q5 (138-591),Active,0.6804733727810651,Diverse,M,35-49
7,323,Q5 (138-591),Active,0.5077399380804953,Niche,M,50+
8,49,Q3 (42-75),Inactive,0.8163265306122449,Diverse,M,35-49
9,18,Q1 (16-24),Inactive,0.7777777777777778,Diverse,M,25-34
10,148,Q5 (138-591),Active,0.6756756756756757,Diverse,M,50+
11,145,Q5 (138-591),Active,0.6206896551724138,Diverse,F,35-49
12,41,Q2 (25-41),Inactive,0.8780487804878049,Blockbuster,F,25-34
13,510,Q5 (138-591),Active,0.4196078431372549,Niche,M,35-49
14,80,Q4 (76-137),Inactive,0.7875,Diverse,M,35-49
15,84,Q4 (76-137),Inactive,0.6428571428571429,Diverse,F,35-49
16,112,Q4 (76-137),Inactive,0.7232142857142857,Diverse,M,<25
17,24,Q1 (16-24),Inactive,0.8333333333333334,Blockbuster,M,25-34
18,223,Q5 (138-591),Active,0.5919282511210763,Niche,F,35-49
19,16,Q1 (16-24),Inactive,0.875,Blockbuster,M,35-49
20,40,Q2 (25-41),Inactive,0.9,Blockbuster,F,35-49
21,145,Q5 (138-591),Active,0.3724137931034483,Niche,M,25-34
22,104,Q4 (76-137),Inactive,0.6634615384615384,Diverse,M,25-34
23,121,Q4 (76-137),Inactive,0.7768595041322314,Diverse,F,25-34
24,56,Q3 (42-75),Inactive,0.8392857142857143,Blockbuster,F,<25
25,64,Q3 (42-75),Inactive,0.75,Diverse,M,35-49
26,87,Q4 (76-137),Inactive,0.8045977011494253,Diverse,M,35-49
27,21,Q1 (16-24),Inactive,0.7619047619047619,Diverse,F,35-49
28,65,Q3 (42-75),Inactive,0.7538461538461538,Diverse,M,25-34
29,28,Q2 (25-41),Inactive,0.7857142857142857,Diverse,M,35-49
30,35,Q2 (25-41),Inactive,0.7714285714285715,Diverse,M,<25
31,30,Q2 (25-41),Inactive,0.6,Diverse,M,<25
32,33,Q2 (25-41),Inactive,0.9090909090909091,Blockbuster,F,25-34
33,20,Q1 (16-24),Inactive,0.75,Diverse,M,<25
34,16,Q1 (16-24),Inactive,0.5,Niche,F,35-49
35,21,Q1 (16-24),Inactive,0.7142857142857143,Diverse,F,<25
36,16,Q1 (16-24),Inactive,0.5625,Niche,F,<25
37,47,Q3 (42-75),Inactive,0.7446808510638298,Diverse,M,<25
38,97,Q4 (76-137),Inactive,0.5773195876288659,Niche,F,25-34
39,18,Q1 (16-24),Inactive,0.7222222222222222,Diverse,M,35-49
40,29,Q2 (25-41),Inactive,0.7586206896551724,Diverse,M,35-49
41,42,Q3 (42-75),Inactive,0.8333333333333334,Blockbuster,M,25-34
42,147,Q5 (138-591),Active,0.7074829931972789,Diverse,M,25-34
43,177,Q5 (138-591),Active,0.7062146892655368,Diverse,F,25-34
44,121,Q4 (76-137),Inactive,0.7851239669421488,Diverse,M,25-34
45,40,Q2 (25-41),Inactive,0.675,Diverse,M,25-34
46,23,Q1 (16-24),Inactive,0.782608695652174,Diverse,F,25-34
47,21,Q1 (16-24),Inactive,0.7142857142857143,Diverse,M,50+
48,54,Q3 (42-75),Inactive,0.7222222222222222,Diverse,M,35-49
49,173,Q5 (138-591),Active,0.5260115606936416,Niche,F,<25
50,20,Q1 (16-24),Inactive,0.75,Diverse,M,<25
51,19,Q1 (16-24),Inactive,1.0,Blockbuster,M,25-34
52,46,Q3 (42-75),Inactive,0.7391304347826086,Diverse,F,<25
53,24,Q1 (16-24),Inactive,0.9166666666666666,Blockbuster,M,25-34
54,53,Q3 (42-75),Inactive,0.8113207547169812,Diverse,M,<25
55,17,Q1 (16-24),Inactive,0.8823529411764706,Blockbuster,M,35-49
56,151,Q5 (138-591),Active,0.695364238410596,Diverse,M,25-34
57,86,Q4 (76-137),Inactive,0.7093023255813954,Diverse,M,<25
58,124,Q4 (76-137),Inactive,0.6854838709677419,Diverse,M,25-34
59,306,Q5 (138-591),Active,0.5816993464052288,Niche,M,35-49
60,168,Q5 (138-591),Active,0.5773809523809523,Niche,M,50+
61,17,Q1 (16-24),Inactive,1.0,Blockbuster,M,35-49
62,186,Q5 (138-591),Active,0.6827956989247311,Diverse,F,25-34
63,75,Q3 (42-75),Inactive,0.6133333333333333,Diverse,M,25-34
64,160,Q5 (138-591),Active,0.74375,Diverse,M,25-34
65,64,Q3 (42-75),Inactive,0.8125,Diverse,F,50+
66,32,Q2 (25-41),Inactive,0.875,Blockbuster,M,<25
67,24,Q1 (16-24),Inactive,0.625,Diverse,M,<25
68,28,Q2 (25-41),Inactive,0.8571428571428571,Blockbuster,M,<25
69,53,Q3 (42-75),Inactive,0.8679245283018868,Blockbuster,M,<25
70,105,Q4 (76-137),Inactive,0.7714285714285715,Diverse,M,25-34
71,32,Q2 (25-41),Inactive,0.84375,Blockbuster,M,35-49
72,111,Q4 (76-137),Inactive,0.7927927927927928,Diverse,F,35-49
73,54,Q3 (42-75),Inactive,0.7962962962962963,Diverse,M,<25
74,33,Q2 (25-41),Inactive,0.8484848484848485,Blockbuster,M,35-49
75,65,Q3 (42-75),Inactive,0.676923076923077,Diverse,M,<25
76,66,Q3 (42-75),Inactive,0.6212121212121212,Diverse,M,<25
77,58,Q3 (42-75),Inactive,0.8793103448275862,Blockbuster,M,25-34
78,17,Q1 (16-24),Inactive,0.7647058823529411,Diverse,M,25-34
79,45,Q3 (42-75),Inactive,0.6444444444444445,Diverse,F,35-49
80,25,Q2 (25-41),Inactive,0.8,Diverse,F,25-34
81,48,Q3 (42-75),Inactive,0.8125,Diverse,M,<25
82,136,Q4 (76-137),Inactive,0.7205882352941176,Diverse,M,50+
83,125,Q4 (76-137),Inactive,0.608,Diverse,M,35-49
84,56,Q3 (42-75),Inactive,0.8928571428571429,Blockbuster,M,25-34
85,232,Q5 (138-591),Active,0.625,Diverse,M,50+
86,19,Q1 (16-24),Inactive,0.631578947368421,Diverse,M,25-34
87,169,Q5 (138-591),Active,0.5976331360946746,Diverse,M,35-49
88,17,Q1 (16-24),Inactive,0.5294117647058824,Niche,F,35-49
89,62,Q3 (42-75),Inactive,0.6774193548387096,Diverse,F,35-49
90,240,Q5 (138-591),Active,0.525,Niche,M,50+
91,80,Q4 (76-137),Inactive,0.7875,Diverse,M,50+
92,312,Q5 (138-591),Active,0.5608974358974359,Niche,M,25-34
93,16,Q1 (16-24),Inactive,0.8125,Diverse,M,35-49
94,320,Q5 (138-591),Active,0.534375,Niche,M,25-34
95,224,Q5 (138-591),Active,0.6160714285714286,Diverse,M,25-34
96,46,Q3 (42-75),Inactive,0.8478260869565217,Blockbuster,F,25-34
97,51,Q3 (42-75),Inactive,0.8431372549019608,Blockbuster,M,35-49
98,23,Q1 (16-24),Inactive,0.6956521739130435,Diverse,F,35-49
99,110,Q4 (76-137),Inactive,0.7181818181818181,Diverse,M,<25
100,49,Q3 (42-75),Inactive,0.4489795918367347,Niche,M,35-49
101,55,Q3 (42-75),Inactive,0.6363636363636364,Diverse,M,<25
102,174,Q5 (138-591),Active,0.6494252873563219,Diverse,M,35-49
103,25,Q2 (25-41),Inactive,0.88,Blockbuster,M,25-34
104,89,Q4 (76-137),Inactive,0.6629213483146067,Diverse,M,25-34
105,19,Q1 (16-24),Inactive,0.9473684210526315,Blockbuster,M,<25
106,52,Q3 (42-75),Inactive,0.6923076923076923,Diverse,M,50+
107,18,Q1 (16-24),Inactive,0.7777777777777778,Diverse,M,35-49
108,27,Q2 (25-41),Inactive,0.8518518518518519,Blockbuster,M,35-49
109,188,Q5 (138-591),Active,0.648936170212766,Diverse,M,25-34
110,107,Q4 (76-137),Inactive,0.5514018691588785,Niche,M,<25
111,20,Q1 (16-24),Inactive,0.7,Diverse,M,50+
112,38,Q2 (25-41),Inactive,0.7368421052631579,Diverse,M,25-34
113,41,Q2 (25-41),Inactive,0.6829268292682927,Diverse,M,35-49
114,40,Q2 (25-41),Inactive,0.825,Diverse,M,25-34
115,74,Q3 (42-75),Inactive,0.7297297297297297,Diverse,M,25-34
116,115,Q4 (76-137),Inactive,0.5478260869565217,Niche,M,35-49
117,70,Q3 (42-75),Inactive,0.7857142857142857,Diverse,M,<25
118,57,Q3 (42-75),Inactive,0.6666666666666666,Diverse,M,<25
119,145,Q5 (138-591),Active,0.6,Diverse,M,25-34
120,22,Q1 (16-24),Inactive,0.8636363636363636,Blockbuster,F,35-49
121,60,Q3 (42-75),Inactive,0.85,Blockbuster,M,50+
122,49,Q3 (42-75),Inactive,0.5102040816326531,Niche,F,25-34
123,44,Q3 (42-75),Inactive,0.8863636363636364,Blockbuster,F,35-49
124,20,Q1 (16-24),Inactive,0.9,Blockbuster,M,25-34
125,146,Q5 (138-591),Active,0.5753424657534246,Niche,M,25-34
126,37,Q2 (25-41),Inactive,0.6756756756756757,Diverse,F,25-34
127,19,Q1 (16-24),Inactive,0.8947368421052632,Blockbuster,M,25-34
128,148,Q5 (138-591),Active,0.7094594594594594,Diverse,F,<25
129,24,Q1 (16-24),Inactive,0.75,Diverse,F,35-49
130,283,Q5 (138-591),Active,0.508833922261484,Niche,M,<25
131,24,Q1 (16-24),Inactive,0.625,Diverse,F,50+
132,18,Q1 (16-24),Inactive,0.7777777777777778,Diverse,M,<25
133,22,Q1 (16-24),Inactive,0.8636363636363636,Blockbuster,M,50+
134,21,Q1 (16-24),Inactive,0.9047619047619048,Blockbuster,M,25-34
135,45,Q3 (42-75),Inactive,0.7111111111111111,Diverse,M,<25
136,29,Q2 (25-41),Inactive,0.8275862068965517,Blockbuster,M,50+
137,39,Q2 (25-41),Inactive,0.8461538461538461,Blockbuster,M,50+
138,41,Q2 (25-41),Inactive,0.7317073170731707,Diverse,M,35-49
139,20,Q1 (16-24),Inactive,0.6,Diverse,M,<25
140,17,Q1 (16-24),Inactive,0.7647058823529411,Diverse,F,25-34
141,87,Q4 (76-137),Inactive,0.5747126436781609,Niche,M,35-49
142,27,Q2 (25-41),Inactive,0.8148148148148148,Diverse,M,<25
143,16,Q1 (16-24),Inactive,0.9375,Blockbuster,M,35-49
144,166,Q5 (138-591),Active,0.6807228915662651,Diverse,M,50+
145,254,Q5 (138-591),Active,0.48031496062992124,Niche,M,25-34
146,25,Q2 (25-41),Inactive,0.76,Diverse,M,35-49
147,16,Q1 (16-24),Inactive,0.625,Diverse,F,35-49
148,53,Q3 (42-75),Inactive,0.8301886792452831,Blockbuster,M,25-34
149,30,Q2 (25-41),Inactive,0.6333333333333333,Diverse,F,35-49
150,26,Q2 (25-41),Inactive,0.9230769230769231,Blockbuster,F,<25
151,247,Q5 (138-591),Active,0.5465587044534413,Niche,F,35-49
152,86,Q4 (76-137),Inactive,0.5697674418604651,Niche,F,25-34
153,19,Q1 (16-24),Inactive,1.0,Blockbuster,M,25-34
154,41,Q2 (25-41),Inactive,0.7317073170731707,Diverse,M,25-34
155,18,Q1 (16-24),Inactive,0.8333333333333334,Blockbuster,F,25-34
156,31,Q2 (25-41),Inactive,0.9032258064516129,Blockbuster,M,25-34
157,41,Q2 (25-41),Inactive,0.7073170731707317,Diverse,M,50+
158,139,Q5 (138-591),Active,0.6906474820143885,Diverse,M,50+
159,87,Q4 (76-137),Inactive,0.6091954022988506,Diverse,F,<25
160,96,Q4 (76-137),Inactive,0.6875,Diverse,M,25-34
161,48,Q3 (42-75),Inactive,0.875,Blockbuster,M,50+
162,34,Q2 (25-41),Inactive,0.7941176470588235,Diverse,M,25-34
163,19,Q1 (16-24),Inactive,0.9473684210526315,Blockbuster,M,35-49
164,51,Q3 (42-75),Inactive,0.7450980392156863,Diverse,M,35-49
165,24,Q1 (16-24),Inactive,0.875,Blockbuster,F,<25
166,16,Q1 (16-24),Inactive,0.8125,Diverse,M,35-49
167,57,Q3 (42-75),Inactive,0.5087719298245614,Niche,M,35-49
168,57,Q3 (42-75),Inactive,0.7719298245614035,Diverse,M,35-49
169,31,Q2 (25-41),Inactive,0.7741935483870968,Diverse,F,50+
170,18,Q1 (16-24),Inactive,0.6666666666666666,Diverse,F,50+
171,24,Q1 (16-24),Inactive,0.6666666666666666,Diverse,F,35-49
172,23,Q1 (16-24),Inactive,0.4782608695652174,Niche,M,50+
173,35,Q2 (25-41),Inactive,0.6857142857142857,Diverse,M,50+
174,143,Q5 (138-591),Active,0.45454545454545453,Niche,F,25-34
175,32,Q2 (25-41),Inactive,0.90625,Blockbuster,F,25-34
176,51,Q3 (42-75),Inactive,0.7647058823529411,Diverse,M,25-34
177,93,Q4 (76-137),Inactive,0.7956989247311828,Diverse,M,<25
178,219,Q5 (138-591),Active,0.7168949771689498,Diverse,M,25-34
179,34,Q2 (25-41),Inactive,0.6470588235294118,Diverse,M,<25
180,51,Q3 (42-75),Inactive,0.7450980392156863,Diverse,F,<25
181,349,Q5 (138-591),Active,0.2607449856733524,Niche,M,25-34
182,24,Q1 (16-24),Inactive,1.0,Blockbuster,M,35-49
183,43,Q3 (42-75),Inactive,0.7906976744186046,Diverse,M,25-34
184,201,Q5 (138-591),Active,0.5870646766169154,Niche,M,35-49
185,40,Q2 (25-41),Inactive,0.775,Diverse,F,50+
186,74,Q3 (42-75),Inactive,0.6216216216216216,Diverse,F,35-49
187,46,Q3 (42-75),Inactive,0.8478260869565217,Blockbuster,M,25-34
188,90,Q4 (76-137),Inactive,0.8333333333333334,Blockbuster,M,35-49
189,151,Q5 (138-591),Active,0.5894039735099338,Niche,M,25-34
190,49,Q3 (42-75),Inactive,0.7551020408163265,Diverse,M,25-34
191,23,Q1 (16-24),Inactive,0.7391304347826086,Diverse,M,25-34
192,29,Q2 (25-41),Inactive,0.6551724137931034,Diverse,M,35-49
193,97,Q4 (76-137),Inactive,0.6185567010309279,Diverse,M,25-34
194,245,Q5 (138-591),Active,0.636734693877551,Diverse,M,35-49
195,78,Q4 (76-137),Inactive,0.5128205128205128,Niche,M,35-49
196,33,Q2 (25-41),Inactive,0.696969696969697,Diverse,M,35-49
197,96,Q4 (76-137),Inactive,0.75,Diverse,M,50+
198,145,Q5 (138-591),Active,0.7586206896551724,Diverse,F,<25
199,32,Q2 (25-41),Inactive,0.71875,Diverse,M,25-34
200,174,Q5 (138-591),Active,0.6839080459770115,Diverse,M,35-49
201,310,Q5 (138-591),Active,0.535483870967742,Niche,M,25-34
202,16,Q1 (16-24),Inactive,0.8125,Diverse,F,35-49
203,35,Q2 (25-41),Inactive,0.8571428571428571,Blockbuster,F,25-34
204,34,Q2 (25-41),Inactive,0.7352941176470589,Diverse,F,50+
205,18,Q1 (16-24),Inactive,0.8888888888888888,Blockbuster,M,35-49
206,52,Q3 (42-75),Inactive,0.40384615384615385,Niche,F,<25
207,184,Q5 (138-591),Active,0.657608695652174,Diverse,M,35-49
208,27,Q2 (25-41),Inactive,0.7407407407407407,Diverse,M,35-49
209,27,Q2 (25-41),Inactive,0.5925925925925926,Niche,F,25-34
210,106,Q4 (76-137),Inactive,0.7924528301886793,Diverse,M,35-49
211,31,Q2 (25-41),Inactive,0.8064516129032258,Diverse,M,50+
212,21,Q1 (16-24),Inactive,0.9047619047619048,Blockbuster,F,35-49
213,102,Q4 (76-137),Inactive,0.8725490196078431,Blockbuster,M,25-34
214,104,Q4 (76-137),Inactive,0.7211538461538461,Diverse,F,25-34
215,75,Q3 (42-75),Inactive,0.8933333333333333,Blockbuster,M,35-49
216,105,Q4 (76-137),Inactive,0.7238095238095238,Diverse,M,<25
217,62,Q3 (42-75),Inactive,0.6290322580645161,Diverse,M,<25
218,43,Q3 (42-75),Inactive,0.7209302325581395,Diverse,M,35-49
219,24,Q1 (16-24),Inactive,0.6666666666666666,Diverse,M,25-34
220,18,Q1 (16-24),Inactive,0.8333333333333334,Blockbuster,M,25-34
221,118,Q4 (76-137),Inactive,0.6016949152542372,Diverse,M,<25
222,311,Q5 (138-591),Active,0.5241157556270096,Niche,M,25-34
223,85,Q4 (76-137),Inactive,0.5764705882352941,Niche,F,<25
224,113,Q4 (76-137),Inactive,0.4424778761061947,Niche,F,25-34
225,23,Q1 (16-24),Inactive,0.8260869565217391,Diverse,F,50+
226,40,Q2 (25-41),Inactive,0.825,Diverse,M,25-34
227,48,Q3 (42-75),Inactive,0.6875,Diverse,M,35-49
228,17,Q1 (16-24),Inactive,0.7647058823529411,Diverse,F,<25
229,24,Q1 (16-24),Inactive,0.75,Diverse,F,25-34
230,107,Q4 (76-137),Inactive,0.7476635514018691,Diverse,F,25-34
231,17,Q1 (16-24),Inactive,0.8823529411764706,Blockbuster,M,35-49
232,75,Q3 (42-75),Inactive,0.8,Diverse,M,35-49
233,88,Q4 (76-137),Inactive,0.7954545454545454,Diverse,M,35-49
234,384,Q5 (138-591),Active,0.4739583333333333,Niche,M,50+
235,76,Q4 (76-137),Inactive,0.7105263157894737,Diverse,M,35-49
236,100,Q4 (76-137),Inactive,0.8,Diverse,F,35-49
237,40,Q2 (25-41),Inactive,0.85,Blockbuster,M,35-49
238,25,Q2 (25-41),Inactive,0.8,Diverse,F,35-49
239,129,Q4 (76-137),Inactive,0.6124031007751938,Diverse,M,35-49
240,20,Q1 (16-24),Inactive,0.8,Diverse,F,<25
241,19,Q1 (16-24),Inactive,0.7368421052631579,Diverse,F,25-34
242,16,Q1 (16-24),Inactive,0.5625,Niche,M,25-34
243,65,Q3 (42-75),Inactive,0.6615384615384615,Diverse,M,25-34
244,192,Q5 (138-591),Active,0.59375,Niche,M,25-34
245,18,Q1 (16-24),Inactive,0.7777777777777778,Diverse,M,<25
246,157,Q5 (138-591),Active,0.554140127388535,Niche,M,<25
247,22,Q1 (16-24),Inactive,0.9090909090909091,Blockbuster,M,25-34
248,46,Q3 (42-75),Inactive,0.8695652173913043,Blockbuster,M,25-34
249,129,Q4 (76-137),Inactive,0.7984496124031008,Diverse,M,25-34
250,98,Q4 (76-137),Inactive,0.7244897959183674,Diverse,M,25-34
251,63,Q3 (42-75),Inactive,0.8571428571428571,Blockbuster,M,25-34
252,17,Q1 (16-24),Inactive,0.7647058823529411,Diverse,M,35-49
253,79,Q4 (76-137),Inactive,0.8354430379746836,Blockbuster,F,25-34
254,129,Q4 (76-137),Inactive,0.5658914728682171,Niche,M,35-49
255,67,Q3 (42-75),Inactive,0.5671641791044776,Niche,M,<25
256,167,Q5 (138-591),Active,0.5508982035928144,Niche,F,35-49
257,47,Q3 (42-75),Inactive,0.5531914893617021,Niche,M,<25
258,19,Q1 (16-24),Inactive,0.8421052631578947,Blockbuster,F,<25
259,38,Q2 (25-41),Inactive,0.8421052631578947,Blockbuster,M,<25
260,20,Q1 (16-24),Inactive,0.6,Diverse,F,35-49
261,23,Q1 (16-24),Inactive,0.6956521739130435,Diverse,M,25-34
262,128,Q4 (76-137),Inactive,0.6484375,Diverse,F,<25
263,99,Q4 (76-137),Inactive,0.7777777777777778,Diverse,M,35-49
264,96,Q4 (76-137),Inactive,0.6666666666666666,Diverse,F,35-49
265,38,Q2 (25-41),Inactive,0.8157894736842105,Diverse,M,25-34
266,19,Q1 (16-24),Inactive,0.8421052631578947,Blockbuster,F,50+
267,149,Q5 (138-591),Active,0.6912751677852349,Diverse,M,<25
268,264,Q5 (138-591),Active,0.5265151515151515,Niche,M,<25
269,259,Q5 (138-591),Active,0.5328185328185329,Niche,F,25-34
270,112,Q4 (76-137),Inactive,0.5446428571428571,Niche,F,<25
271,224,Q5 (138-591),Active,0.65625,Diverse,M,50+
272,41,Q2 (25-41),Inactive,0.8536585365853658,Blockbuster,M,25-34
273,18,Q1 (16-24),Inactive,0.7222222222222222,Diverse,F,50+
274,57,Q3 (42-75),Inactive,0.7543859649122807,Diverse,F,<25
275,77,Q4 (76-137),Inactive,0.7792207792207793,Diverse,M,35-49
276,416,Q5 (138-591),Active,0.49038461538461536,Niche,M,<25
277,44,Q3 (42-75),Inactive,0.7954545454545454,Diverse,F,35-49
278,19,Q1 (16-24),Inactive,0.631578947368421,Diverse,F,35-49
279,348,Q5 (138-591),Active,0.367816091954023,Niche,M,25-34
280,208,Q5 (138-591),Active,0.6009615384615384,Diverse,F,25-34
281,22,Q1 (16-24),Inactive,0.7727272727272727,Diverse,F,<25
282,18,Q1 (16-24),Inactive,0.8333333333333334,Blockbuster,M,<25
283,43,Q3 (42-75),Inactive,0.7441860465116279,Diverse,M,25-34
284,39,Q2 (25-41),Inactive,0.6410256410256411,Diverse,M,35-49
285,26,Q2 (25-41),Inactive,0.9230769230769231,Blockbuster,M,25-34
286,232,Q5 (138-591),Active,0.5129310344827587,Niche,M,25-34
287,50,Q3 (42-75),Inactive,0.82,Diverse,M,<25
288,61,Q3 (42-75),Inactive,0.819672131147541,Diverse,M,25-34
289,23,Q1 (16-24),Inactive,0.8260869565217391,Diverse,M,<25
290,120,Q4 (76-137),Inactive,0.7416666666666667,Diverse,M,35-49
291,238,Q5 (138-591),Active,0.47478991596638653,Niche,M,<25
292,100,Q4 (76-137),Inactive,0.76,Diverse,F,35-49
293,312,Q5 (138-591),Active,0.592948717948718,Niche,M,<25
294,120,Q4 (76-137),Inactive,0.5916666666666667,Niche,M,25-34
295,158,Q5 (138-591),Active,0.6139240506329114,Diverse,M,25-34
296,119,Q4 (76-137),Inactive,0.7226890756302521,Diverse,F,35-49
297,154,Q5 (138-591),Active,0.7792207792207793,Diverse,F,25-34
298,103,Q4 (76-137),Inactive,0.7961165048543689,Diverse,M,35-49
299,224,Q5 (138-591),Active,0.5669642857142857,Niche,M,25-34
300,16,Q1 (16-24),Inactive,0.625,Diverse,F,25-34
301,221,Q5 (138-591),Active,0.6832579185520362,Diverse,M,<25
302,17,Q1 (16-24),Inactive,0.8235294117647058,Diverse,M,35-49
303,388,Q5 (138-591),Active,0.5025773195876289,Niche,M,<25
304,22,Q1 (16-24),Inactive,0.8636363636363636,Blockbuster,F,<25
305,178,Q5 (138-591),Active,0.6685393258426966,Diverse,M,<25
306,26,Q2 (25-41),Inactive,0.8461538461538461,Blockbuster,M,35-49
307,90,Q4 (76-137),Inactive,0.7777777777777778,Diverse,M,25-34
308,319,Q5 (138-591),Active,0.5736677115987461,Niche,M,50+
309,16,Q1 (16-24),Inactive,0.6875,Diverse,M,35-49
310,17,Q1 (16-24),Inactive,0.6470588235294118,Diverse,M,35-49
311,236,Q5 (138-591),Active,0.6101694915254238,Diverse,M,25-34
312,179,Q5 (138-591),Active,0.5027932960893855,Niche,M,35-49
313,210,Q5 (138-591),Active,0.6666666666666666,Diverse,M,35-49
314,197,Q5 (138-591),Active,0.4517766497461929,Niche,F,<25
315,71,Q3 (42-75),Inactive,0.8591549295774648,Blockbuster,M,25-34
316,61,Q3 (42-75),Inactive,0.7704918032786885,Diverse,F,35-49
317,18,Q1 (16-24),Inactive,0.7222222222222222,Diverse,M,<25
318,140,Q5 (138-591),Active,0.65,Diverse,M,50+
319,19,Q1 (16-24),Inactive,0.7368421052631579,Diverse,M,35-49
320,124,Q4 (76-137),Inactive,0.6370967741935484,Diverse,M,<25
321,101,Q4 (76-137),Inactive,0.6633663366336634,Diverse,F,35-49
322,41,Q2 (25-41),Inactive,0.8292682926829268,Blockbuster,M,<25
323,73,Q3 (42-75),Inactive,0.7534246575342466,Diverse,M,<25
324,54,Q3 (42-75),Inactive,0.7962962962962963,Diverse,F,<25
325,114,Q4 (76-137),Inactive,0.6228070175438597,Diverse,M,35-49
326,151,Q5 (138-591),Active,0.7152317880794702,Diverse,M,35-49
327,228,Q5 (138-591),Active,0.6885964912280702,Diverse,M,<25
328,227,Q5 (138-591),Active,0.6343612334801763,Diverse,M,50+
329,53,Q3 (42-75),Inactive,0.8679245283018868,Blockbuster,M,35-49
330,119,Q4 (76-137),Inactive,0.7647058823529411,Diverse,F,35-49
331,56,Q3 (42-75),Inactive,0.6071428571428571,Diverse,M,25-34
332,147,Q5 (138-591),Active,0.6598639455782312,Diverse,M,<25
333,22,Q1 (16-24),Inactive,0.8636363636363636,Blockbuster,M,35-49
334,267,Q5 (138-591),Active,0.5880149812734082,Niche,M,25-34
335,18,Q1 (16-24),Inactive,0.8333333333333334,Blockbuster,M,35-49
336,104,Q4 (76-137),Inactive,0.4230769230769231,Niche,M,<25
337,28,Q2 (25-41),Inactive,0.75,Diverse,M,35-49
338,61,Q3 (42-75),Inactive,0.6885245901639344,Diverse,F,35-49
339,204,Q5 (138-591),Active,0.6666666666666666,Diverse,M,35-49
340,36,Q2 (25-41),Inactive,0.75,Diverse,M,35-49
341,17,Q1 (16-24),Inactive,0.29411764705882354,Niche,F,<25
342,161,Q5 (138-591),Active,0.5838509316770186,Niche,F,25-34
343,191,Q5 (138-591),Active,0.6858638743455497,Diverse,M,35-49
344,152,Q5 (138-591),Active,0.7236842105263158,Diverse,F,25-34
345,186,Q5 (138-591),Active,0.6236559139784946,Diverse,F,25-34
346,155,Q5 (138-591),Active,0.6451612903225806,Diverse,M,25-34
347,161,Q5 (138-591),Active,0.7639751552795031,Diverse,M,<25
348,48,Q3 (42-75),Inactive,0.625,Diverse,F,<25
349,33,Q2 (25-41),Inactive,0.5151515151515151,Niche,M,50+
350,40,Q2 (25-41),Inactive,0.85,Blockbuster,M,25-34
351,36,Q2 (25-41),Inactive,0.6388888888888888,Diverse,M,50+
352,34,Q2 (25-41),Inactive,0.9411764705882353,Blockbuster,F,35-49
353,21,Q1 (16-24),Inactive,0.9047619047619048,Blockbuster,M,25-34
354,187,Q5 (138-591),Active,0.5508021390374331,Niche,F,25-34
355,22,Q1 (16-24),Inactive,0.5454545454545454,Niche,M,25-34
356,20,Q1 (16-24),Inactive,0.8,Diverse,F,25-34
357,62,Q3 (42-75),Inactive,0.6129032258064516,Diverse,M,25-34
358,35,Q2 (25-41),Inactive,0.34285714285714286,Niche,M,35-49
359,23,Q1 (16-24),Inactive,0.9130434782608695,Blockbuster,M,<25
360,82,Q4 (76-137),Inactive,0.8048780487804879,Diverse,M,50+
361,97,Q4 (76-137),Inactive,0.6804123711340206,Diverse,M,<25
362,21,Q1 (16-24),Inactive,0.8571428571428571,Blockbuster,F,35-49
363,249,Q5 (138-591),Active,0.6024096385542169,Diverse,M,<25
364,16,Q1 (16-24),Inactive,0.5,Niche,M,50+
365,48,Q3 (42-75),Inactive,0.7083333333333334,Diverse,M,25-34
366,27,Q2 (25-41),Inactive,0.48148148148148145,Niche,F,<25
367,48,Q3 (42-75),Inactive,0.5208333333333334,Niche,M,<25
368,37,Q2 (25-41),Inactive,0.4594594594594595,Niche,M,<25
369,18,Q1 (16-24),Inactive,0.5555555555555556,Niche,M,<25
370,61,Q3 (42-75),Inactive,0.7049180327868853,Diverse,M,50+
371,41,Q2 (25-41),Inactive,0.975609756097561,Blockbuster,M,35-49
372,54,Q3 (42-75),Inactive,0.5185185185185185,Niche,F,25-34
373,187,Q5 (138-591),Active,0.6310160427807486,Diverse,F,<25
374,220,Q5 (138-591),Active,0.5681818181818182,Niche,M,35-49
375,24,Q1 (16-24),Inactive,0.5,Niche,M,<25
376,24,Q1 (16-24),Inactive,0.9583333333333334,Blockbuster,F,25-34
377,27,Q2 (25-41),Inactive,0.8518518518518519,Blockbuster,M,<25
378,301,Q5 (138-591),Active,0.5681063122923588,Niche,M,35-49
379,158,Q5 (138-591),Active,0.6772151898734177,Diverse,M,35-49
380,130,Q4 (76-137),Inactive,0.6692307692307692,Diverse,M,25-34
381,103,Q4 (76-137),Inactive,0.6019417475728155,Diverse,M,25-34
382,43,Q3 (42-75),Inactive,0.7209302325581395,Diverse,M,35-49
383,57,Q3 (42-75),Inactive,0.8070175438596491,Diverse,M,35-49
384,18,Q1 (16-24),Inactive,0.7222222222222222,Diverse,M,50+
385,225,Q5 (138-591),Active,0.5066666666666667,Niche,M,35-49
386,19,Q1 (16-24),Inactive,0.8421052631578947,Blockbuster,M,35-49
387,244,Q5 (138-591),Active,0.5942622950819673,Niche,M,25-34
388,42,Q3 (42-75),Inactive,0.8571428571428571,Blockbuster,M,25-34
389,217,Q5 (138-591),Active,0.5345622119815668,Niche,F,35-49
390,25,Q2 (25-41),Inactive,0.72,Diverse,F,35-49
391,97,Q4 (76-137),Inactive,0.8144329896907216,Diverse,M,<25
392,89,Q4 (76-137),Inactive,0.6292134831460674,Diverse,M,50+
393,360,Q5 (138-591),Active,0.4527777777777778,Niche,M,<25
394,121,Q4 (76-137),Inactive,0.71900826446281,Diverse,M,25-34
395,47,Q3 (42-75),Inactive,0.8085106382978723,Diverse,M,35-49
396,44,Q3 (42-75),Inactive,0.7045454545454546,Diverse,M,50+
397,82,Q4 (76-137),Inactive,0.6707317073170732,Diverse,M,<25
398,138,Q5 (138-591),Active,0.7463768115942029,Diverse,M,35-49
399,257,Q5 (138-591),Active,0.5252918287937743,Niche,M,25-34
400,18,Q1 (16-24),Inactive,0.8333333333333334,Blockbuster,F,25-34
401,123,Q4 (76-137),Inactive,0.7804878048780488,Diverse,F,35-49
402,56,Q3 (42-75),Inactive,0.7678571428571429,Diverse,M,25-34
403,40,Q2 (25-41),Inactive,0.8,Diverse,M,35-49
404,36,Q2 (25-41),Inactive,0.7777777777777778,Diverse,F,25-34
405,591,Q5 (138-591),Active,0.25380710659898476,Niche,F,<25
406,274,Q5 (138-591),Active,0.551094890510949,Niche,M,50+
407,182,Q5 (138-591),Active,0.7252747252747253,Diverse,M,25-34
408,23,Q1 (16-24),Inactive,0.7391304347826086,Diverse,M,<25
409,163,Q5 (138-591),Active,0.558282208588957,Niche,M,35-49
410,24,Q1 (16-24),Inactive,0.5833333333333334,Niche,F,25-34
411,48,Q3 (42-75),Inactive,0.8958333333333334,Blockbuster,M,25-34
412,41,Q2 (25-41),Inactive,0.8292682926829268,Blockbuster,M,25-34
413,40,Q2 (25-41),Inactive,0.85,Blockbuster,M,50+
414,21,Q1 (16-24),Inactive,0.9523809523809523,Blockbuster,M,<25
415,20,Q1 (16-24),Inactive,0.85,Blockbuster,M,35-49
416,395,Q5 (138-591),Active,0.5113924050632911,Niche,F,<25
417,293,Q5 (138-591),Active,0.5563139931740614,Niche,F,25-34
418,16,Q1 (16-24),Inactive,0.8125,Diverse,F,50+
419,26,Q2 (25-41),Inactive,0.7307692307692307,Diverse,M,35-49
420,30,Q2 (25-41),Inactive,0.8,Diverse,M,50+
421,50,Q3 (42-75),Inactive,0.86,Blockbuster,F,35-49
422,79,Q4 (76-137),Inactive,0.5822784810126582,Niche,M,25-34
423,52,Q3 (42-75),Inactive,0.6923076923076923,Diverse,M,50+
424,36,Q2 (25-41),Inactive,0.6666666666666666,Diverse,F,35-49
425,164,Q5 (138-591),Active,0.6646341463414634,Diverse,M,<25
426,81,Q4 (76-137),Inactive,0.5555555555555556,Niche,M,50+
427,25,Q2 (25-41),Inactive,0.44,Niche,M,50+
428,45,Q3 (42-75),Inactive,0.5777777777777777,Niche,M,25-34
429,332,Q5 (138-591),Active,0.572289156626506,Niche,M,25-34
430,53,Q3 (42-75),Inactive,0.7169811320754716,Diverse,M,35-49
431,17,Q1 (16-24),Inactive,0.7647058823529411,Diverse,M,<25
432,50,Q3 (42-75),Inactive,0.84,Blockbuster,M,<25
433,33,Q2 (25-41),Inactive,0.8181818181818182,Diverse,M,25-34
434,36,Q2 (25-41),Inactive,0.5555555555555556,Niche,F,<25
435,305,Q5 (138-591),Active,0.5409836065573771,Niche,M,<25
436,117,Q4 (76-137),Inactive,0.5213675213675214,Niche,F,25-34
437,211,Q5 (138-591),Active,0.6255924170616114,Diverse,F,25-34
438,27,Q2 (25-41),Inactive,0.8148148148148148,Diverse,F,50+
439,25,Q2 (25-41),Inactive,0.88,Blockbuster,F,<25
440,41,Q2 (25-41),Inactive,0.4878048780487805,Niche,M,25-34
441,16,Q1 (16-24),Inactive,0.875,Blockbuster,M,50+
442,115,Q4 (76-137),Inactive,0.6608695652173913,Diverse,M,<25
443,20,Q1 (16-24),Inactive,0.85,Blockbuster,M,35-49
444,20,Q1 (16-24),Inactive,0.7,Diverse,F,50+
445,109,Q4 (76-137),Inactive,0.6513761467889908,Diverse,M,<25
446,30,Q2 (25-41),Inactive,0.7,Diverse,M,50+
447,113,Q4 (76-137),Inactive,0.8053097345132744,Diverse,M,25-34
448,32,Q2 (25-41),Inactive,0.46875,Niche,M,<25
449,61,Q3 (42-75),Inactive,0.5409836065573771,Niche,M,<25
450,432,Q5 (138-591),Active,0.4537037037037037,Niche,F,35-49
451,80,Q4 (76-137),Inactive,0.3625,Niche,M,<25
452,166,Q5 (138-591),Active,0.608433734939759,Diverse,M,35-49
453,126,Q4 (76-137),Inactive,0.6746031746031746,Diverse,M,<25
454,190,Q5 (138-591),Active,0.6526315789473685,Diverse,M,50+
455,153,Q5 (138-591),Active,0.738562091503268,Diverse,M,35-49
456,175,Q5 (138-591),Active,0.5942857142857143,Niche,M,<25
457,223,Q5 (138-591),Active,0.6816143497757847,Diverse,F,25-34
458,147,Q5 (138-591),Active,0.6326530612244898,Diverse,M,35-49
459,96,Q4 (76-137),Inactive,0.7395833333333334,Diverse,M,<25
460,56,Q3 (42-75),Inactive,0.5714285714285714,Niche,F,35-49
461,19,Q1 (16-24),Inactive,0.8421052631578947,Blockbuster,M,<25
462,27,Q2 (25-41),Inactive,0.8518518518518519,Blockbuster,F,<25
463,107,Q4 (76-137),Inactive,0.48598130841121495,Niche,F,35-49
464,43,Q3 (42-75),Inactive,0.9069767441860465,Blockbuster,M,50+
465,64,Q3 (42-75),Inactive,0.796875,Diverse,M,25-34
466,81,Q4 (76-137),Inactive,0.8024691358024691,Diverse,M,<25
467,36,Q2 (25-41),Inactive,0.8055555555555556,Diverse,M,25-34
468,115,Q4 (76-137),Inactive,0.7739130434782608,Diverse,M,25-34
469,35,Q2 (25-41),Inactive,0.5428571428571428,Niche,M,50+
470,47,Q3 (42-75),Inactive,0.6808510638297872,Diverse,M,<25
471,25,Q2 (25-41),Inactive,0.6,Diverse,M,<25
472,211,Q5 (138-591),Active,0.5734597156398105,Niche,M,<25
473,29,Q2 (25-41),Inactive,0.7586206896551724,Diverse,M,25-34
474,263,Q5 (138-591),Active,0.6159695817490495,Diverse,M,50+
475,16,Q1 (16-24),Inactive,0.8125,Diverse,M,25-34
476,67,Q3 (42-75),Inactive,0.5074626865671642,Niche,M,25-34
477,29,Q2 (25-41),Inactive,0.5172413793103449,Niche,F,<25
478,91,Q4 (76-137),Inactive,0.6703296703296703,Diverse,M,25-34
479,162,Q5 (138-591),Active,0.7777777777777778,Diverse,M,25-34
480,48,Q3 (42-75),Inactive,0.75,Diverse,M,50+
481,46,Q3 (42-75),Inactive,0.8043478260869565,Diverse,M,50+
482,22,Q1 (16-24),Inactive,0.8181818181818182,Diverse,F,<25
483,49,Q3 (42-75),Inactive,0.7959183673469388,Diverse,M,25-34
484,113,Q4 (76-137),Inactive,0.831858407079646,Blockbuster,M,25-34
485,22,Q1 (16-24),Inactive,0.7727272727272727,Diverse,F,35-49
486,153,Q5 (138-591),Active,0.477124183006536,Niche,M,35-49
487,185,Q5 (138-591),Active,0.654054054054054,Diverse,M,<25
488,124,Q4 (76-137),Inactive,0.8306451612903226,Blockbuster,M,35-49
489,89,Q4 (76-137),Inactive,0.449438202247191,Niche,M,50+
490,47,Q3 (42-75),Inactive,0.6808510638297872,Diverse,F,25-34
491,27,Q2 (25-41),Inactive,0.7037037037037037,Diverse,F,35-49
492,45,Q3 (42-75),Inactive,0.7333333333333333,Diverse,M,50+
493,109,Q4 (76-137),Inactive,0.8165137614678899,Diverse,M,<25
494,39,Q2 (25-41),Inactive,0.8717948717948718,Blockbuster,F,35-49
495,171,Q5 (138-591),Active,0.6608187134502924,Diverse,M,25-34
496,105,Q4 (76-137),Inactive,0.6,Diverse,F,<25
497,225,Q5 (138-591),Active,0.5733333333333334,Niche,M,<25
498,121,Q4 (76-137),Inactive,0.6528925619834711,Diverse,M,25-34
499,82,Q4 (76-137),Inactive,0.6219512195121951,Diverse,M,35-49
500,181,Q5 (138-591),Active,0.6022099447513812,Diverse,M,25-34
501,59,Q3 (42-75),Inactive,0.6949152542372882,Diverse,M,<25
502,31,Q2 (25-41),Inactive,0.6451612903225806,Diverse,M,<25
503,128,Q4 (76-137),Inactive,0.640625,Diverse,F,50+
504,201,Q5 (138-591),Active,0.5124378109452736,Niche,F,35-49
505,90,Q4 (76-137),Inactive,0.8111111111111111,Diverse,F,25-34
506,194,Q5 (138-591),Active,0.6134020618556701,Diverse,M,35-49
507,48,Q3 (42-75),Inactive,0.6458333333333334,Diverse,F,<25
508,71,Q3 (42-75),Inactive,0.8732394366197183,Blockbuster,M,25-34
509,27,Q2 (25-41),Inactive,0.7407407407407407,Diverse,M,<25
510,24,Q1 (16-24),Inactive,0.625,Diverse,M,25-34
511,20,Q1 (16-24),Inactive,0.7,Diverse,M,<25
512,17,Q1 (16-24),Inactive,0.8823529411764706,Blockbuster,M,25-34
513,18,Q1 (16-24),Inactive,0.9444444444444444,Blockbuster,M,35-49
514,156,Q5 (138-591),Active,0.75,Diverse,M,25-34
515,32,Q2 (25-41),Inactive,0.71875,Diverse,M,50+
516,17,Q1 (16-24),Inactive,0.9411764705882353,Blockbuster,F,50+
517,31,Q2 (25-41),Inactive,0.6774193548387096,Diverse,M,<25
518,59,Q3 (42-75),Inactive,0.6610169491525424,Diverse,F,35-49
519,41,Q2 (25-41),Inactive,0.3902439024390244,Niche,M,<25
520,19,Q1 (16-24),Inactive,0.7894736842105263,Diverse,M,50+
521,120,Q4 (76-137),Inactive,0.825,Diverse,M,<25
522,24,Q1 (16-24),Inactive,0.8333333333333334,Blockbuster,M,35-49
523,80,Q4 (76-137),Inactive,0.55,Niche,F,50+
524,246,Q5 (138-591),Active,0.5894308943089431,Niche,M,50+
525,44,Q3 (42-75),Inactive,0.8636363636363636,Blockbuster,F,25-34
526,56,Q3 (42-75),Inactive,0.875,Blockbuster,M,25-34
527,111,Q4 (76-137),Inactive,0.7297297297297297,Diverse,M,25-34
528,43,Q3 (42-75),Inactive,0.8837209302325582,Blockbuster,M,<25
529,35,Q2 (25-41),Inactive,0.6857142857142857,Diverse,F,35-49
530,37,Q2 (25-41),Inactive,0.8108108108108109,Diverse,M,25-34
531,24,Q1 (16-24),Inactive,0.5,Niche,F,25-34
532,220,Q5 (138-591),Active,0.5272727272727272,Niche,M,<25
533,208,Q5 (138-591),Active,0.75,Diverse,M,35-49
534,64,Q3 (42-75),Inactive,0.640625,Diverse,M,<25
535,176,Q5 (138-591),Active,0.5965909090909091,Diverse,F,35-49
536,131,Q4 (76-137),Inactive,0.6793893129770993,Diverse,M,35-49
537,392,Q5 (138-591),Active,0.47959183673469385,Niche,M,35-49
538,65,Q3 (42-75),Inactive,0.9384615384615385,Blockbuster,M,25-34
539,46,Q3 (42-75),Inactive,0.717391304347826,Diverse,F,50+
540,51,Q3 (42-75),Inactive,0.8235294117647058,Diverse,M,25-34
541,107,Q4 (76-137),Inactive,0.5700934579439252,Niche,F,<25
542,109,Q4 (76-137),Inactive,0.7798165137614679,Diverse,M,<25
543,159,Q5 (138-591),Active,0.6289308176100629,Diverse,M,25-34
544,25,Q2 (25-41),Inactive,0.8,Diverse,F,35-49
545,130,Q4 (76-137),Inactive,0.6538461538461539,Diverse,M,25-34
546,49,Q3 (42-75),Inactive,0.5510204081632653,Niche,M,35-49
547,19,Q1 (16-24),Inactive,0.7894736842105263,Diverse,M,50+
548,125,Q4 (76-137),Inactive,0.68,Diverse,M,50+
549,21,Q1 (16-24),Inactive,0.9523809523809523,Blockbuster,M,35-49
550,32,Q2 (25-41),Inactive,0.75,Diverse,F,<25
551,268,Q5 (138-591),Active,0.6156716417910447,Diverse,M,25-34
552,68,Q3 (42-75),Inactive,0.7205882352941176,Diverse,M,35-49
553,80,Q4 (76-137),Inactive,0.675,Diverse,M,50+
554,92,Q4 (76-137),Inactive,0.7934782608695652,Diverse,M,25-34
555,42,Q3 (42-75),Inactive,0.8571428571428571,Blockbuster,F,25-34
556,36,Q2 (25-41),Inactive,0.9166666666666666,Blockbuster,F,35-49
557,43,Q3 (42-75),Inactive,0.627906976744186,Diverse,F,25-34
558,16,Q1 (16-24),Inactive,0.75,Diverse,F,50+
559,62,Q3 (42-75),Inactive,0.7096774193548387,Diverse,M,50+
560,81,Q4 (76-137),Inactive,0.7037037037037037,Diverse,M,25-34
561,287,Q5 (138-591),Active,0.5853658536585366,Niche,M,<25
562,58,Q3 (42-75),Inactive,0.8448275862068966,Blockbuster,F,50+
563,24,Q1 (16-24),Inactive,0.6666666666666666,Diverse,F,35-49
564,28,Q2 (25-41),Inactive,0.7142857142857143,Diverse,M,50+
565,29,Q2 (25-41),Inactive,0.27586206896551724,Niche,M,35-49
566,121,Q4 (76-137),Inactive,0.7272727272727273,Diverse,M,<25
567,125,Q4 (76-137),Inactive,0.608,Diverse,M,<25
568,65,Q3 (42-75),Inactive,0.5230769230769231,Niche,M,35-49
569,56,Q3 (42-75),Inactive,0.7678571428571429,Diverse,M,25-34
570,18,Q1 (16-24),Inactive,0.8888888888888888,Blockbuster,M,25-34
571,16,Q1 (16-24),Inactive,0.6875,Diverse,M,25-34
572,16,Q1 (16-24),Inactive,0.75,Diverse,M,50+
573,41,Q2 (25-41),Inactive,0.8048780487804879,Diverse,M,50+
574,38,Q2 (25-41),Inactive,0.6052631578947368,Diverse,M,50+
575,22,Q1 (16-24),Inactive,0.9090909090909091,Blockbuster,M,25-34
576,30,Q2 (25-41),Inactive,0.9333333333333333,Blockbuster,M,35-49
577,152,Q5 (138-591),Active,0.6710526315789473,Diverse,F,35-49
578,20,Q1 (16-24),Inactive,0.85,Blockbuster,M,25-34
579,60,Q3 (42-75),Inactive,0.9166666666666666,Blockbuster,M,25-34
580,39,Q2 (25-41),Inactive,0.8461538461538461,Blockbuster,M,<25
581,24,Q1 (16-24),Inactive,0.5416666666666666,Niche,M,35-49
582,50,Q3 (42-75),Inactive,0.72,Diverse,M,<25
583,23,Q1 (16-24),Inactive,0.782608695652174,Diverse,M,35-49
584,20,Q1 (16-24),Inactive,0.75,Diverse,M,25-34
585,64,Q3 (42-75),Inactive,0.25,Niche,M,50+
586,134,Q4 (76-137),Inactive,0.6492537313432836,Diverse,M,<25
587,80,Q4 (76-137),Inactive,0.525,Niche,M,25-34
588,181,Q5 (138-591),Active,0.6243093922651933,Diverse,F,<25
589,35,Q2 (25-41),Inactive,0.7428571428571429,Diverse,M,<25
590,40,Q2 (25-41),Inactive,0.625,Diverse,M,50+
591,68,Q3 (42-75),Inactive,0.6911764705882353,Diverse,F,50+
592,288,Q5 (138-591),Active,0.5694444444444444,Niche,M,<25
593,126,Q4 (76-137),Inactive,0.7222222222222222,Diverse,F,25-34
594,21,Q1 (16-24),Inactive,0.8095238095238095,Diverse,M,35-49
595,78,Q4 (76-137),Inactive,0.5384615384615384,Niche,M,25-34
596,16,Q1 (16-24),Inactive,0.875,Blockbuster,M,<25
597,33,Q2 (25-41),Inactive,0.7575757575757576,Diverse,M,<25
598,21,Q1 (16-24),Inactive,0.7142857142857143,Diverse,F,35-49
599,39,Q2 (25-41),Inactive,0.5641025641025641,Niche,F,<25
600,73,Q3 (42-75),Inactive,0.6301369863013698,Diverse,M,25-34
601,120,Q4 (76-137),Inactive,0.7166666666666667,Diverse,F,<25
602,25,Q2 (25-41),Inactive,0.8,Diverse,F,35-49
603,39,Q2 (25-41),Inactive,0.8205128205128205,Diverse,M,<25
604,23,Q1 (16-24),Inactive,0.6521739130434783,Diverse,M,35-49
605,72,Q3 (42-75),Inactive,0.8333333333333334,Blockbuster,M,25-34
606,190,Q5 (138-591),Active,0.7578947368421053,Diverse,M,25-34
607,31,Q2 (25-41),Inactive,0.6451612903225806,Diverse,F,35-49
608,131,Q4 (76-137),Inactive,0.6183206106870229,Diverse,M,<25
609,24,Q1 (16-24),Inactive,0.5833333333333334,Niche,F,<25
610,61,Q3 (42-75),Inactive,0.8032786885245902,Diverse,M,<25
611,34,Q2 (25-41),Inactive,0.4117647058823529,Niche,M,35-49
612,23,Q1 (16-24),Inactive,0.782608695652174,Diverse,M,35-49
613,24,Q1 (16-24),Inactive,0.625,Diverse,F,35-49
614,33,Q2 (25-41),Inactive,0.696969696969697,Diverse,M,50+
615,83,Q4 (76-137),Inactive,0.6987951807228916,Diverse,M,35-49
616,35,Q2 (25-41),Inactive,0.7714285714285715,Diverse,M,50+
617,88,Q4 (76-137),Inactive,0.38636363636363635,Niche,F,25-34
618,174,Q5 (138-591),Active,0.7183908045977011,Diverse,F,<25
619,73,Q3 (42-75),Inactive,0.7534246575342466,Diverse,M,<25
620,88,Q4 (76-137),Inactive,0.4772727272727273,Niche,F,<25
621,137,Q4 (76-137),Inactive,0.6058394160583942,Diverse,M,<25
622,184,Q5 (138-591),Active,0.6032608695652174,Diverse,M,25-34
623,37,Q2 (25-41),Inactive,0.8648648648648649,Blockbuster,F,50+
624,113,Q4 (76-137),Inactive,0.6814159292035398,Diverse,M,<25
625,86,Q4 (76-137),Inactive,0.813953488372093,Diverse,M,25-34
626,26,Q2 (25-41),Inactive,0.7307692307692307,Diverse,M,<25
627,145,Q5 (138-591),Active,0.696551724137931,Diverse,M,<25
628,23,Q1 (16-24),Inactive,0.6521739130434783,Diverse,M,<25
629,97,Q4 (76-137),Inactive,0.7835051546391752,Diverse,F,35-49
630,88,Q4 (76-137),Inactive,0.7045454545454546,Diverse,F,25-34
631,16,Q1 (16-24),Inactive,0.625,Diverse,F,<25
632,96,Q4 (76-137),Inactive,0.8645833333333334,Blockbuster,M,<25
633,48,Q3 (42-75),Inactive,0.75,Diverse,M,35-49
634,109,Q4 (76-137),Inactive,0.6330275229357798,Diverse,M,35-49
635,28,Q2 (25-41),Inactive,0.7142857142857143,Diverse,M,<25
636,16,Q1 (16-24),Inactive,0.75,Diverse,M,35-49
637,84,Q4 (76-137),Inactive,0.6190476190476191,Diverse,M,25-34
638,55,Q3 (42-75),Inactive,0.9272727272727272,Blockbuster,M,35-49
639,120,Q4 (76-137),Inactive,0.525,Niche,F,35-49
640,89,Q4 (76-137),Inactive,0.651685393258427,Diverse,M,<25
641,32,Q2 (25-41),Inactive,0.65625,Diverse,M,<25
642,256,Q5 (138-591),Active,0.41796875,Niche,F,<25
643,166,Q5 (138-591),Active,0.7108433734939759,Diverse,M,35-49
644,34,Q2 (25-41),Inactive,0.6764705882352942,Diverse,M,50+
645,98,Q4 (76-137),Inactive,0.6632653061224489,Diverse,M,25-34
646,32,Q2 (25-41),Inactive,0.625,Diverse,F,<25
647,48,Q3 (42-75),Inactive,0.8541666666666666,Blockbuster,M,35-49
648,239,Q5 (138-591),Active,0.5523012552301255,Niche,M,35-49
649,20,Q1 (16-24),Inactive,0.85,Blockbuster,M,<25
650,249,Q5 (138-591),Active,0.6506024096385542,Diverse,M,35-49
651,17,Q1 (16-24),Inactive,0.8235294117647058,Diverse,M,50+
652,18,Q1 (16-24),Inactive,0.8333333333333334,Blockbuster,M,35-49
653,227,Q5 (138-591),Active,0.6255506607929515,Diverse,M,25-34
654,119,Q4 (76-137),Inactive,0.773109243697479,Diverse,F,25-34
655,549,Q5 (138-591),Active,0.34790528233151186,Niche,F,50+
656,20,Q1 (16-24),Inactive,0.75,Diverse,M,35-49
657,25,Q2 (25-41),Inactive,0.84,Blockbuster,F,25-34
658,57,Q3 (42-75),Inactive,0.6666666666666666,Diverse,M,25-34
659,153,Q5 (138-591),Active,0.6209150326797386,Diverse,M,25-34
660,180,Q5 (138-591),Active,0.6388888888888888,Diverse,M,25-34
661,97,Q4 (76-137),Inactive,0.8144329896907216,Diverse,M,25-34
662,19,Q1 (16-24),Inactive,0.5263157894736842,Niche,M,50+
663,128,Q4 (76-137),Inactive,0.6953125,Diverse,M,25-34
664,134,Q4 (76-137),Inactive,0.7164179104477612,Diverse,M,25-34
665,114,Q4 (76-137),Inactive,0.8070175438596491,Diverse,M,25-34
666,197,Q5 (138-591),Active,0.6395939086294417,Diverse,M,35-49
667,39,Q2 (25-41),Inactive,0.8461538461538461,Blockbuster,M,35-49
668,38,Q2 (25-41),Inactive,0.8157894736842105,Diverse,F,25-34
669,80,Q4 (76-137),Inactive,0.8,Diverse,M,35-49
670,38,Q2 (25-41),Inactive,0.7631578947368421,Diverse,M,25-34
671,100,Q4 (76-137),Inactive,0.71,Diverse,M,<25
672,25,Q2 (25-41),Inactive,0.68,Diverse,F,50+
673,29,Q2 (25-41),Inactive,0.8620689655172413,Blockbuster,M,50+
674,33,Q2 (25-41),Inactive,0.8787878787878788,Blockbuster,F,<25
675,28,Q2 (25-41),Inactive,0.4642857142857143,Niche,M,25-34
676,63,Q3 (42-75),Inactive,0.746031746031746,Diverse,M,25-34
677,41,Q2 (25-41),Inactive,0.6829268292682927,Diverse,M,<25
678,24,Q1 (16-24),Inactive,0.8333333333333334,Blockbuster,M,50+
679,50,Q3 (42-75),Inactive,0.88,Blockbuster,F,<25
680,32,Q2 (25-41),Inactive,0.90625,Blockbuster,M,25-34
681,18,Q1 (16-24),Inactive,0.5555555555555556,Niche,F,35-49
682,321,Q5 (138-591),Active,0.5669781931464174,Niche,M,<25
683,61,Q3 (42-75),Inactive,0.6721311475409836,Diverse,M,35-49
684,70,Q3 (42-75),Inactive,0.7571428571428571,Diverse,M,25-34
685,16,Q1 (16-24),Inactive,0.625,Diverse,F,25-34
686,57,Q3 (42-75),Inactive,0.8421052631578947,Blockbuster,M,25-34
687,17,Q1 (16-24),Inactive,1.0,Blockbuster,F,25-34
688,20,Q1 (16-24),Inactive,0.45,Niche,F,35-49
689,30,Q2 (25-41),Inactive,0.9333333333333333,Blockbuster,M,25-34
690,93,Q4 (76-137),Inactive,0.6666666666666666,Diverse,M,35-49
691,26,Q2 (25-41),Inactive,0.8076923076923077,Diverse,M,25-34
692,32,Q2 (25-41),Inactive,0.84375,Blockbuster,M,25-34
693,124,Q4 (76-137),Inactive,0.7580645161290323,Diverse,F,35-49
694,127,Q4 (76-137),Inactive,0.6614173228346457,Diverse,M,50+
695,32,Q2 (25-41),Inactive,0.71875,Diverse,M,25-34
696,25,Q2 (25-41),Inactive,0.68,Diverse,M,50+
697,85,Q4 (76-137),Inactive,0.6,Diverse,M,25-34
698,103,Q4 (76-137),Inactive,0.6893203883495146,Diverse,F,25-34
699,121,Q4 (76-137),Inactive,0.5867768595041323,Niche,M,35-49
700,17,Q1 (16-24),Inactive,1.0,Blockbuster,M,<25
701,27,Q2 (25-41),Inactive,0.8148148148148148,Diverse,F,50+
702,25,Q2 (25-41),Inactive,0.8,Diverse,M,35-49
703,39,Q2 (25-41),Inactive,0.8461538461538461,Blockbuster,M,25-34
704,72,Q3 (42-75),Inactive,0.625,Diverse,F,50+
705,92,Q4 (76-137),Inactive,0.7608695652173914,Diverse,F,<25
706,25,Q2 (25-41),Inactive,0.96,Blockbuster,M,<25
707,190,Q5 (138-591),Active,0.4105263157894737,Niche,F,50+
708,85,Q4 (76-137),Inactive,0.6352941176470588,Diverse,F,25-34
709,112,Q4 (76-137),Inactive,0.6517857142857143,Diverse,M,<25
710,70,Q3 (42-75),Inactive,0.8285714285714286,Blockbuster,M,<25
711,177,Q5 (138-591),Active,0.5875706214689266,Niche,F,<25
712,130,Q4 (76-137),Inactive,0.43846153846153846,Niche,F,<25
713,24,Q1 (16-24),Inactive,0.4166666666666667,Niche,F,35-49
714,36,Q2 (25-41),Inactive,0.8611111111111112,Blockbuster,M,25-34
715,135,Q4 (76-137),Inactive,0.7037037037037037,Diverse,M,<25
716,217,Q5 (138-591),Active,0.6405529953917051,Diverse,F,35-49
717,75,Q3 (42-75),Inactive,0.7733333333333333,Diverse,M,<25
718,33,Q2 (25-41),Inactive,0.7272727272727273,Diverse,M,35-49
719,55,Q3 (42-75),Inactive,0.8363636363636363,Blockbuster,F,35-49
720,24,Q1 (16-24),Inactive,0.5,Niche,F,35-49
721,136,Q4 (76-137),Inactive,0.6029411764705882,Diverse,F,<25
722,34,Q2 (25-41),Inactive,0.8235294117647058,Diverse,F,50+
723,18,Q1 (16-24),Inactive,0.8888888888888888,Blockbuster,M,25-34
724,69,Q3 (42-75),Inactive,0.4927536231884058,Niche,M,25-34
725,21,Q1 (16-24),Inactive,0.8095238095238095,Diverse,M,<25
726,20,Q1 (16-24),Inactive,0.6,Diverse,F,25-34
727,258,Q5 (138-591),Active,0.5542635658914729,Niche,M,25-34
728,22,Q1 (16-24),Inactive,0.8636363636363636,Blockbuster,M,50+
729,17,Q1 (16-24),Inactive,0.6470588235294118,Diverse,M,<25
730,32,Q2 (25-41),Inactive,0.9375,Blockbuster,F,25-34
731,67,Q3 (42-75),Inactive,0.6865671641791045,Diverse,F,35-49
732,16,Q1 (16-24),Inactive,0.75,Diverse,F,25-34
733,87,Q4 (76-137),Inactive,0.47126436781609193,Niche,F,35-49
734,52,Q3 (42-75),Inactive,0.8269230769230769,Blockbuster,F,25-34
735,43,Q3 (42-75),Inactive,0.9069767441860465,Blockbuster,F,25-34
736,20,Q1 (16-24),Inactive,0.6,Diverse,F,35-49
737,27,Q2 (25-41),Inactive,0.8888888888888888,Blockbuster,M,25-34
738,120,Q4 (76-137),Inactive,0.8416666666666667,Blockbuster,M,35-49
739,29,Q2 (25-41),Inactive,0.7931034482758621,Diverse,M,35-49
740,16,Q1 (16-24),Inactive,0.9375,Blockbuster,F,25-34
741,84,Q4 (76-137),Inactive,0.7976190476190477,Diverse,M,25-34
742,22,Q1 (16-24),Inactive,1.0,Blockbuster,M,35-49
743,29,Q2 (25-41),Inactive,0.8275862068965517,Blockbuster,M,25-34
744,23,Q1 (16-24),Inactive,0.8695652173913043,Blockbuster,M,35-49
745,48,Q3 (42-75),Inactive,0.8125,Diverse,M,35-49
746,55,Q3 (42-75),Inactive,0.9272727272727272,Blockbuster,M,25-34
747,235,Q5 (138-591),Active,0.5872340425531914,Niche,M,<25
748,88,Q4 (76-137),Inactive,0.8863636363636364,Blockbuster,M,25-34
749,245,Q5 (138-591),Active,0.6244897959183674,Diverse,M,25-34
750,27,Q2 (25-41),Inactive,0.6296296296296297,Diverse,M,25-34
751,136,Q4 (76-137),Inactive,0.6764705882352942,Diverse,F,<25
752,59,Q3 (42-75),Inactive,0.5084745762711864,Niche,M,50+
753,47,Q3 (42-75),Inactive,0.8936170212765957,Blockbuster,M,50+
754,28,Q2 (25-41),Inactive,0.75,Diverse,F,50+
755,32,Q2 (25-41),Inactive,0.6875,Diverse,F,35-49
756,89,Q4 (76-137),Inactive,0.7191011235955056,Diverse,F,25-34
757,134,Q4 (76-137),Inactive,0.7611940298507462,Diverse,M,25-34
758,287,Q5 (138-591),Active,0.5679442508710801,Niche,M,25-34
759,26,Q2 (25-41),Inactive,0.9230769230769231,Blockbuster,F,<25
760,33,Q2 (25-41),Inactive,0.696969696969697,Diverse,F,35-49
761,54,Q3 (42-75),Inactive,0.6481481481481481,Diverse,M,<25
762,17,Q1 (16-24),Inactive,0.6470588235294118,Diverse,M,25-34
763,105,Q4 (76-137),Inactive,0.6571428571428571,Diverse,M,25-34
764,89,Q4 (76-137),Inactive,0.7865168539325843,Diverse,F,25-34
765,19,Q1 (16-24),Inactive,0.7368421052631579,Diverse,M,25-34
766,141,Q5 (138-591),Active,0.6666666666666666,Diverse,M,35-49
767,31,Q2 (25-41),Inactive,0.5483870967741935,Niche,M,50+
768,52,Q3 (42-75),Inactive,0.8269230769230769,Blockbuster,M,25-34
769,25,Q2 (25-41),Inactive,0.76,Diverse,M,35-49
770,52,Q3 (42-75),Inactive,0.7692307692307693,Diverse,M,25-34
771,56,Q3 (42-75),Inactive,0.7678571428571429,Diverse,M,25-34
772,27,Q2 (25-41),Inactive,0.8148148148148148,Diverse,M,50+
773,129,Q4 (76-137),Inactive,0.6046511627906976,Diverse,M,<25
774,180,Q5 (138-591),Active,0.6722222222222223,Diverse,M,25-34
775,24,Q1 (16-24),Inactive,0.7083333333333334,Diverse,M,35-49
776,85,Q4 (76-137),Inactive,0.6235294117647059,Diverse,M,25-34
777,30,Q2 (25-41),Inactive,0.8333333333333334,Blockbuster,M,50+
778,53,Q3 (42-75),Inactive,0.8113207547169812,Diverse,M,25-34
779,31,Q2 (25-41),Inactive,1.0,Blockbuster,M,25-34
780,45,Q3 (42-75),Inactive,0.8666666666666667,Blockbuster,M,35-49
781,34,Q2 (25-41),Inactive,0.9411764705882353,Blockbuster,M,<25
782,186,Q5 (138-591),Active,0.3064516129032258,Niche,F,<25
783,24,Q1 (16-24),Inactive,0.5833333333333334,Niche,M,25-34
784,33,Q2 (25-41),Inactive,0.8181818181818182,Diverse,M,35-49
785,23,Q1 (16-24),Inactive,0.782608695652174,Diverse,M,25-34
786,95,Q4 (76-137),Inactive,0.8526315789473684,Blockbuster,F,35-49
787,47,Q3 (42-75),Inactive,0.44680851063829785,Niche,F,<25
788,201,Q5 (138-591),Active,0.6368159203980099,Diverse,M,50+
789,27,Q2 (25-41),Inactive,0.8518518518518519,Blockbuster,M,25-34
790,185,Q5 (138-591),Active,0.5945945945945946,Niche,M,25-34
791,21,Q1 (16-24),Inactive,0.8571428571428571,Blockbuster,M,25-34
792,39,Q2 (25-41),Inactive,0.6666666666666666,Diverse,M,35-49
793,45,Q3 (42-75),Inactive,0.6666666666666666,Diverse,M,<25
794,33,Q2 (25-41),Inactive,0.7878787878787878,Diverse,M,25-34
795,129,Q4 (76-137),Inactive,0.6046511627906976,Diverse,M,25-34
796,288,Q5 (138-591),Active,0.5729166666666666,Niche,F,25-34
797,22,Q1 (16-24),Inactive,0.6363636363636364,Diverse,F,35-49
798,193,Q5 (138-591),Active,0.40414507772020725,Niche,F,35-49
799,20,Q1 (16-24),Inactive,0.75,Diverse,F,35-49
800,24,Q1 (16-24),Inactive,0.9166666666666666,Blockbuster,M,25-34
801,22,Q1 (16-24),Inactive,0.8181818181818182,Diverse,M,<25
802,61,Q3 (42-75),Inactive,0.5409836065573771,Niche,M,35-49
803,27,Q2 (25-41),Inactive,0.5925925925925926,Niche,M,50+
804,266,Q5 (138-591),Active,0.6165413533834586,Diverse,M,35-49
805,219,Q5 (138-591),Active,0.6027397260273972,Diverse,F,25-34
806,112,Q4 (76-137),Inactive,0.75,Diverse,M,25-34
807,164,Q5 (138-591),Active,0.5853658536585366,Niche,F,35-49
808,19,Q1 (16-24),Inactive,0.8947368421052632,Blockbuster,M,35-49
809,16,Q1 (16-24),Inactive,0.875,Blockbuster,F,50+
810,22,Q1 (16-24),Inactive,0.7272727272727273,Diverse,F,50+
811,17,Q1 (16-24),Inactive,0.7647058823529411,Diverse,F,35-49
812,16,Q1 (16-24),Inactive,0.75,Diverse,M,<25
813,25,Q2 (25-41),Inactive,0.56,Niche,F,<25
814,29,Q2 (25-41),Inactive,0.4827586206896552,Niche,M,25-34
815,147,Q5 (138-591),Active,0.6870748299319728,Diverse,M,25-34
816,21,Q1 (16-24),Inactive,0.7619047619047619,Diverse,M,25-34
817,30,Q2 (25-41),Inactive,0.8,Diverse,M,<25
818,17,Q1 (16-24),Inactive,0.8235294117647058,Diverse,M,25-34
819,24,Q1 (16-24),Inactive,0.75,Diverse,M,50+
820,17,Q1 (16-24),Inactive,0.9411764705882353,Blockbuster,M,<25
821,50,Q3 (42-75),Inactive,0.8,Diverse,M,35-49
822,21,Q1 (16-24),Inactive,0.6666666666666666,Diverse,F,25-34
823,149,Q5 (138-591),Active,0.738255033557047,Diverse,M,25-34
824,16,Q1 (16-24),Inactive,0.8125,Diverse,M,25-34
825,117,Q4 (76-137),Inactive,0.5982905982905983,Diverse,M,35-49
826,93,Q4 (76-137),Inactive,0.6559139784946236,Diverse,M,25-34
827,24,Q1 (16-24),Inactive,0.875,Blockbuster,F,<25
828,84,Q4 (76-137),Inactive,0.44047619047619047,Niche,M,25-34
829,52,Q3 (42-75),Inactive,0.6730769230769231,Diverse,M,35-49
830,86,Q4 (76-137),Inactive,0.7790697674418605,Diverse,M,35-49
831,59,Q3 (42-75),Inactive,0.8305084745762712,Blockbuster,M,<25
832,21,Q1 (16-24),Inactive,0.8095238095238095,Diverse,M,<25
833,215,Q5 (138-591),Active,0.5395348837209303,Niche,M,25-34
834,44,Q3 (42-75),Inactive,0.8863636363636364,Blockbuster,M,25-34
835,82,Q4 (76-137),Inactive,0.7073170731707317,Diverse,F,35-49
836,40,Q2 (25-41),Inactive,0.8,Diverse,M,35-49
837,38,Q2 (25-41),Inactive,0.6578947368421053,Diverse,F,35-49
838,75,Q3 (42-75),Inactive,0.7733333333333333,Diverse,M,<25
839,47,Q3 (42-75),Inactive,0.6382978723404256,Diverse,F,35-49
840,159,Q5 (138-591),Active,0.6352201257861635,Diverse,M,35-49
841,25,Q2 (25-41),Inactive,0.64,Diverse,M,35-49
842,23,Q1 (16-24),Inactive,0.5217391304347826,Niche,M,35-49
843,164,Q5 (138-591),Active,0.676829268292683,Diverse,M,35-49
844,65,Q3 (42-75),Inactive,0.7692307692307693,Diverse,M,<25
845,25,Q2 (25-41),Inactive,0.44,Niche,M,50+
846,325,Q5 (138-591),Active,0.4584615384615385,Niche,M,25-34
847,118,Q4 (76-137),Inactive,0.7288135593220338,Diverse,M,25-34
848,120,Q4 (76-137),Inactive,0.6916666666666667,Diverse,M,35-49
849,19,Q1 (16-24),Inactive,0.7368421052631579,Diverse,F,<25
850,41,Q2 (25-41),Inactive,0.8780487804878049,Blockbuster,M,25-34
851,169,Q5 (138-591),Active,0.5207100591715976,Niche,M,<25
852,41,Q2 (25-41),Inactive,0.7317073170731707,Diverse,M,35-49
853,33,Q2 (25-41),Inactive,0.7272727272727273,Diverse,M,35-49
854,175,Q5 (138-591),Active,0.64,Diverse,F,25-34
855,19,Q1 (16-24),Inactive,0.47368421052631576,Niche,M,50+
856,22,Q1 (16-24),Inactive,0.9090909090909091,Blockbuster,F,35-49
857,18,Q1 (16-24),Inactive,0.6666666666666666,Diverse,F,35-49
858,17,Q1 (16-24),Inactive,0.8823529411764706,Blockbuster,M,50+
859,33,Q2 (25-41),Inactive,0.45454545454545453,Niche,F,<25
860,57,Q3 (42-75),Inactive,0.6140350877192983,Diverse,F,50+
861,35,Q2 (25-41),Inactive,0.5142857142857142,Niche,F,35-49
862,133,Q4 (76-137),Inactive,0.7142857142857143,Diverse,M,25-34
863,87,Q4 (76-137),Inactive,0.4367816091954023,Niche,M,<25
864,236,Q5 (138-591),Active,0.6652542372881356,Diverse,M,25-34
865,54,Q3 (42-75),Inactive,0.6481481481481481,Diverse,M,25-34
866,16,Q1 (16-24),Inactive,0.625,Diverse,M,35-49
867,77,Q4 (76-137),Inactive,0.8311688311688312,Blockbuster,M,<25
868,168,Q5 (138-591),Active,0.6845238095238095,Diverse,M,<25
869,39,Q2 (25-41),Inactive,0.6923076923076923,Diverse,M,25-34
870,217,Q5 (138-591),Active,0.5944700460829493,Niche,M,<25
871,93,Q4 (76-137),Inactive,0.6344086021505376,Diverse,M,25-34
872,57,Q3 (42-75),Inactive,0.543859649122807,Niche,F,<25
873,16,Q1 (16-24),Inactive,0.875,Blockbuster,F,35-49
874,28,Q2 (25-41),Inactive,0.8571428571428571,Blockbuster,M,35-49
875,73,Q3 (42-75),Inactive,0.7671232876712328,Diverse,F,<25
876,17,Q1 (16-24),Inactive,0.7647058823529411,Diverse,M,35-49
877,65,Q3 (42-75),Inactive,0.6461538461538462,Diverse,M,25-34
878,108,Q4 (76-137),Inactive,0.6111111111111112,Diverse,F,50+
879,25,Q2 (25-41),Inactive,1.0,Blockbuster,F,25-34
880,296,Q5 (138-591),Active,0.5304054054054054,Niche,M,<25
881,209,Q5 (138-591),Active,0.6555023923444976,Diverse,M,35-49
882,111,Q4 (76-137),Inactive,0.7837837837837838,Diverse,M,35-49
883,216,Q5 (138-591),Active,0.4861111111111111,Niche,M,35-49
884,35,Q2 (25-41),Inactive,0.5714285714285714,Niche,M,35-49
885,82,Q4 (76-137),Inactive,0.8170731707317073,Diverse,F,25-34
886,192,Q5 (138-591),Active,0.59375,Niche,M,<25
887,137,Q4 (76-137),Inactive,0.5985401459854015,Diverse,F,<25
888,16,Q1 (16-24),Inactive,0.75,Diverse,M,35-49
889,262,Q5 (138-591),Active,0.6030534351145038,Diverse,M,<25
890,97,Q4 (76-137),Inactive,0.7525773195876289,Diverse,M,25-34
891,39,Q2 (25-41),Inactive,0.6666666666666666,Diverse,F,50+
892,182,Q5 (138-591),Active,0.6593406593406593,Diverse,M,35-49
893,49,Q3 (42-75),Inactive,0.7142857142857143,Diverse,M,25-34
894,197,Q5 (138-591),Active,0.4517766497461929,Niche,M,35-49
895,16,Q1 (16-24),Inactive,0.9375,Blockbuster,F,25-34
896,290,Q5 (138-591),Active,0.6,Diverse,M,25-34
897,149,Q5 (138-591),Active,0.7248322147651006,Diverse,M,25-34
898,24,Q1 (16-24),Inactive,0.75,Diverse,M,<25
899,109,Q4 (76-137),Inactive,0.8990825688073395,Blockbuster,M,25-34
900,37,Q2 (25-41),Inactive,0.6216216216216216,Diverse,M,50+
901,100,Q4 (76-137),Inactive,0.69,Diverse,M,35-49
902,41,Q2 (25-41),Inactive,0.8536585365853658,Blockbuster,F,35-49
903,110,Q4 (76-137),Inactive,0.7,Diverse,M,25-34
904,39,Q2 (25-41),Inactive,0.6923076923076923,Diverse,F,<25
905,32,Q2 (25-41),Inactive,0.84375,Blockbuster,M,25-34
906,33,Q2 (25-41),Inactive,0.6666666666666666,Diverse,M,35-49
907,119,Q4 (76-137),Inactive,0.5882352941176471,Niche,F,25-34
908,60,Q3 (42-75),Inactive,0.8666666666666667,Blockbuster,F,35-49
909,22,Q1 (16-24),Inactive,0.6363636363636364,Diverse,F,50+
910,48,Q3 (42-75),Inactive,0.9166666666666666,Blockbuster,M,25-34
911,80,Q4 (76-137),Inactive,0.725,Diverse,F,35-49
912,43,Q3 (42-75),Inactive,0.7441860465116279,Diverse,M,50+
913,106,Q4 (76-137),Inactive,0.8113207547169812,Diverse,M,25-34
914,19,Q1 (16-24),Inactive,0.47368421052631576,Niche,F,35-49
915,22,Q1 (16-24),Inactive,0.7727272727272727,Diverse,M,50+
916,255,Q5 (138-591),Active,0.6,Diverse,M,25-34
917,29,Q2 (25-41),Inactive,0.7586206896551724,Diverse,F,<25
918,83,Q4 (76-137),Inactive,0.5301204819277109,Niche,M,35-49
919,175,Q5 (138-591),Active,0.6457142857142857,Diverse,M,25-34
920,22,Q1 (16-24),Inactive,0.8181818181818182,Diverse,F,25-34
921,88,Q4 (76-137),Inactive,0.6704545454545454,Diverse,F,<25
922,103,Q4 (76-137),Inactive,0.7864077669902912,Diverse,F,25-34
923,60,Q3 (42-75),Inactive,0.7166666666666667,Diverse,M,<25
924,66,Q3 (42-75),Inactive,0.8333333333333334,Blockbuster,M,25-34
925,26,Q2 (25-41),Inactive,0.6153846153846154,Diverse,F,<25
926,16,Q1 (16-24),Inactive,1.0,Blockbuster,M,35-49
927,96,Q4 (76-137),Inactive,0.625,Diverse,M,<25
928,26,Q2 (25-41),Inactive,0.7307692307692307,Diverse,M,<25
929,41,Q2 (25-41),Inactive,0.8780487804878049,Blockbuster,M,35-49
930,51,Q3 (42-75),Inactive,0.803921568627451,Diverse,F,25-34
931,49,Q3 (42-75),Inactive,0.7551020408163265,Diverse,M,50+
932,193,Q5 (138-591),Active,0.5233160621761658,Niche,M,50+
933,148,Q5 (138-591),Active,0.722972972972973,Diverse,M,25-34
934,140,Q5 (138-591),Active,0.6285714285714286,Diverse,M,50+
935,33,Q2 (25-41),Inactive,0.8181818181818182,Diverse,M,35-49
936,114,Q4 (76-137),Inactive,0.5,Niche,M,<25
937,32,Q2 (25-41),Inactive,0.75,Diverse,M,35-49
938,88,Q4 (76-137),Inactive,0.7159090909090909,Diverse,F,35-49
939,41,Q2 (25-41),Inactive,0.5609756097560976,Niche,F,25-34
940,87,Q4 (76-137),Inactive,0.8275862068965517,Blockbuster,M,25-34
941,18,Q1 (16-24),Inactive,0.8333333333333334,Blockbuster,M,<25
942,65,Q3 (42-75),Inactive,0.7846153846153846,Diverse,F,35-49
943,136,Q4 (76-137),Inactive,0.6691176470588235,Diverse,M,<25
