stage1,stage2,N,valid_ndcg@10
NGCF,SLIMElastic,50,0.2601163715468447
LightGCN,SLIMElastic,50,0.2589069850314941
LightGCN,SLIMElastic,100,0.2585328335421029
NGCF,EASE,50,0.25846655855807915
LightGCN,SLIMElastic,20,0.2580722020162009
NGCF,SLIMElastic,100,0.2576492244717603
LightGCN,EASE,50,0.2575668467172229
SLIMElastic,EASE,50,0.25753634208453013
EASE,SLIMElastic,100,0.25749349755650913
EASE,SLIMElastic,50,0.25736484736565957
LightGCN,EASE,100,0.25703953373621635
NGCF,EASE,100,0.2569244129856753
SLIMElastic,EASE,100,0.25680884112741753
SLIMElastic,EASE,20,0.25665814871504605
NGCF,SLIMElastic,20,0.2562230994774583
LightGCN,EASE,20,0.25591972038249433
EASE,SLIMElastic,20,0.2555259773394781
SLIMElastic,NGCF,20,0.25523168955732056
NGCF,EASE,20,0.2542202300791333
SLIMElastic,LightGCN,20,0.2526042822863352
EASE,NGCF,20,0.2501619576084368
EASE,LightGCN,20,0.24978582032623967
SLIMElastic,LightGCN,50,0.24660997749414346
SLIMElastic,NGCF,50,0.24659749773559908
LightGCN,NGCF,20,0.24607526965329657
EASE,LightGCN,50,0.2458488826542321
EASE,NGCF,50,0.24576267450158135
SLIMElastic,NGCF,100,0.24560915201805777
NGCF,LightGCN,20,0.2446160526975811
LightGCN,NGCF,100,0.24456094629311537
EASE,NGCF,100,0.24448085023115373
LightGCN,NGCF,50,0.2444488083388338
SLIMElastic,LightGCN,100,0.2444149964558416
EASE,LightGCN,100,0.24394551399309097
NGCF,LightGCN,100,0.24314017370405422
NGCF,LightGCN,50,0.24265172338339197
