source,n_pseudo,alpha,valid_ndcg@10
NGCF,10,0.25,0.26078425597787713
SLIMElastic,10,0.25,0.259665459053484
SLIMElastic,5,0.25,0.2590557068678464
SLIMElastic,5,0.5,0.2588777650918293
NGCF,20,0.25,0.2588249447245949
NGCF,5,0.25,0.2583596470831877
SLIMElastic,10,0.5,0.2579613581489266
NGCF,5,0.5,0.25745708501376785
EASE,5,0.25,0.25730182816073927
NGCF,10,0.5,0.25704819603557677
none (plain EASE),0,0.0,0.25680884112741753
EASE,5,0.5,0.2558076822261239
NGCF,20,0.5,0.2555810305280417
EASE,10,0.25,0.25495368405002833
SLIMElastic,5,1.0,0.2547068546195546
SLIMElastic,20,0.25,0.25428084526593725
SLIMElastic,10,1.0,0.2537370362334681
EASE,20,0.25,0.25328497352657986
SLIMElastic,20,0.5,0.2518040200206753
NGCF,5,1.0,0.2516643501433022
EASE,5,1.0,0.2516005378870658
EASE,10,0.5,0.2515244062166658
NGCF,10,1.0,0.2512143274184563
EASE,20,0.5,0.24886812183529497
EASE,10,1.0,0.2470762143947296
NGCF,20,1.0,0.24460396284249628
SLIMElastic,20,1.0,0.2437461777258112
EASE,20,1.0,0.23498746203990642
