models,n_models,c,valid_ndcg@10
SLIMElastic+EASE+NGCF+LightGCN+BPR,5,10,0.26658582488457316
SLIMElastic+EASE+NGCF+LightGCN+BPR+UserKNN,6,10,0.26564059032016746
SLIMElastic+EASE+NGCF+LightGCN+BPR,5,60,0.2654013732378303
SLIMElastic+EASE+NGCF,3,10,0.2651452365418852
SLIMElastic+EASE+NGCF+LightGCN+BPR,5,100,0.2650598171089079
SLIMElastic+EASE+NGCF+LightGCN+BPR+UserKNN+ItemKNN+NeuMF,8,10,0.2648566007884425
SLIMElastic+EASE+NGCF,3,60,0.2648478200114023
SLIMElastic+EASE+NGCF+LightGCN,4,10,0.2648054695859912
SLIMElastic+EASE+NGCF+LightGCN,4,100,0.26415998134697094
SLIMElastic+EASE+NGCF+LightGCN,4,60,0.2641240694507836
SLIMElastic+EASE+NGCF+LightGCN+BPR+UserKNN+ItemKNN+NeuMF+FISM,9,10,0.2639930451796752
SLIMElastic+EASE+NGCF,3,100,0.2639474117662895
SLIMElastic+EASE+NGCF+LightGCN+BPR+UserKNN+ItemKNN,7,10,0.2637150510221824
SLIMElastic+EASE+NGCF+LightGCN+BPR+UserKNN,6,60,0.26301281498390733
SLIMElastic+EASE+NGCF+LightGCN+BPR+UserKNN+ItemKNN+NeuMF,8,60,0.2620629677364175
SLIMElastic+EASE+NGCF+LightGCN+BPR+UserKNN,6,100,0.2619077173678445
SLIMElastic+EASE+NGCF+LightGCN+BPR+UserKNN+ItemKNN+NeuMF,8,100,0.2613512469885894
SLIMElastic+EASE,2,10,0.26112885163365923
SLIMElastic+EASE+NGCF+LightGCN+BPR+UserKNN+ItemKNN,7,60,0.2604291451310431
SLIMElastic+EASE+NGCF+LightGCN+BPR+UserKNN+ItemKNN+NeuMF+FISM+Pop,10,10,0.26032770759128926
SLIMElastic+EASE,2,60,0.25996949478485365
SLIMElastic+EASE+NGCF+LightGCN+BPR+UserKNN+ItemKNN+NeuMF+FISM,9,60,0.25968183791194144
SLIMElastic+EASE+NGCF+LightGCN+BPR+UserKNN+ItemKNN,7,100,0.2595572446244864
SLIMElastic+EASE,2,100,0.2593368757517016
SLIMElastic+EASE+NGCF+LightGCN+BPR+UserKNN+ItemKNN+NeuMF+FISM,9,100,0.2575843118618547
SLIMElastic+EASE+NGCF+LightGCN+BPR+UserKNN+ItemKNN+NeuMF+FISM+Pop,10,60,0.2549233474281866
SLIMElastic+EASE+NGCF+LightGCN+BPR+UserKNN+ItemKNN+NeuMF+FISM+Pop,10,100,0.2511638834272241
