,Pop,ItemKNN,UserKNN,BPR,FISM,SLIMElastic,EASE,LightGCN,NGCF,NeuMF
Pop,1.0,0.751,0.577,0.643,0.928,0.53,0.519,0.609,0.581,0.525
ItemKNN,0.751,1.0,0.831,0.859,0.776,0.754,0.763,0.843,0.835,0.776
UserKNN,0.577,0.831,1.0,0.691,0.621,0.863,0.853,0.697,0.714,0.788
BPR,0.643,0.859,0.691,1.0,0.625,0.667,0.678,0.956,0.932,0.766
FISM,0.928,0.776,0.621,0.625,1.0,0.562,0.556,0.592,0.566,0.543
SLIMElastic,0.53,0.754,0.863,0.667,0.562,1.0,0.851,0.667,0.69,0.766
EASE,0.519,0.763,0.853,0.678,0.556,0.851,1.0,0.681,0.702,0.779
LightGCN,0.609,0.843,0.697,0.956,0.592,0.667,0.681,1.0,0.942,0.766
NGCF,0.581,0.835,0.714,0.932,0.566,0.69,0.702,0.942,1.0,0.792
NeuMF,0.525,0.776,0.788,0.766,0.543,0.766,0.779,0.766,0.792,1.0
