model,params,recbole_valid_recall@10,recbole_valid_mrr@10,recbole_valid_ndcg@10,recbole_valid_hit@10,recbole_valid_precision@10,recbole_test_recall@10,recbole_test_mrr@10,recbole_test_ndcg@10,recbole_test_hit@10,recbole_test_precision@10
Random,{},0.0043,0.0117,0.005,0.0414,0.0043,0.0056,0.0145,0.0065,0.0636,0.0065
Pop,{},0.0831,0.1781,0.0932,0.4602,0.0742,0.088,0.1951,0.1034,0.4698,0.0829
ItemKNN,"{'k': 400, 'shrink': 10.0}",0.2057,0.3817,0.2234,0.7306,0.1511,0.237,0.4636,0.2783,0.7667,0.1829
UserKNN,"{'k': 50, 'shrink': 0.0}",0.216,0.401,0.2355,0.755,0.1562,0.2524,0.477,0.2877,0.7932,0.1909
EASE,{'reg_weight': 500.0},0.2386,0.4189,0.2568,0.7815,0.1766,0.2772,0.5324,0.3302,0.8261,0.2208
SLIMElastic,"{'alpha': 0.05, 'l1_ratio': 0.02}",0.2391,0.4207,0.2572,0.7826,0.1766,0.2757,0.5112,0.3211,0.8038,0.2176
BPR,"{'epochs': 300, 'eval_step': 5, 'stopping_step': 4, 'embedding_size': 128, 'learning_rate': 0.001}",0.2262,0.3972,0.2411,0.7688,0.1637,0.2551,0.4828,0.2912,0.8028,0.1981
LightGCN,"{'epochs': 300, 'eval_step': 5, 'stopping_step': 4, 'n_layers': 3, 'learning_rate': 0.005}",0.2268,0.4043,0.2432,0.7667,0.1657,0.2584,0.5034,0.3028,0.8102,0.2049
NeuMF,"{'epochs': 300, 'eval_step': 5, 'stopping_step': 4, 'learning_rate': 0.001, 'dropout_prob': 0.3}",0.2126,0.3724,0.2219,0.7455,0.1522,0.2298,0.4583,0.2684,0.7625,0.1843
FISM,"{'epochs': 300, 'eval_step': 5, 'stopping_step': 4, 'embedding_size': 32, 'learning_rate': 0.005}",0.1171,0.2379,0.1238,0.5514,0.09,0.1272,0.2629,0.1415,0.5673,0.1043
NGCF,"{'epochs': 300, 'eval_step': 5, 'stopping_step': 4, 'learning_rate': 0.001, 'message_dropout': 0.1}",0.2251,0.4069,0.2446,0.7678,0.1663,0.2562,0.4865,0.2934,0.8028,0.1964
