model,type,valid_ndcg@10,test_ndcg@10
Random,individual,0.006,0.0076
Pop,individual,0.0944,0.0985
ItemKNN,individual,0.2234,0.2783
UserKNN,individual,0.2355,0.2877
BPR,individual,0.2411,0.2912
FISM,individual,0.1238,0.1415
SLIMElastic,individual,0.2572,0.3211
EASE,individual,0.2568,0.3302
LightGCN,individual,0.2432,0.3028
NGCF,individual,0.2446,0.2934
NeuMF,individual,0.2219,0.2684
Hybrid-Weighted,hybrid,0.2645,0.3349
Hybrid-Switching,hybrid,0.2617,0.3249
Hybrid-Mixed,hybrid,0.2666,0.3326
Hybrid-Cascade,hybrid,0.2601,0.3259
Hybrid-FeatureCombination,hybrid,0.2285,0.2542
Hybrid-FeatureAugmentation,hybrid,0.2608,0.3349
Hybrid-MetaLevel,hybrid,0.2437,0.2998
